website_url,having_ip_address,url_length,shortining_service,having_at_symbol,double_slash_redirecting,prefix_suffix,having_sub_domain,sslfinal_state,domain_registration_length,favicon,port,https_token,request_url,url_of_anchor,links_in_tags,sfh,submitting_to_email,abnormal_url,redirect,on_mouseover,rightclick,popupwindow,iframe,age_of_domain,dnsrecord,web_traffic,page_rank,google_index,links_pointing_to_page,statistical_report,result
https://www.startup-turismo.it/startup/weebora/,1,1,1,1,1,-1,1,0,1,1,1,1,1,1,1,1,-1,1,1,1,1,1,-1,1,1,-1,1,1,1,1,1
https://www.hecere.com/RFID-Medical-Consumables-Cabinet-Four-Door-pd576859668.html,1,-1,1,1,1,1,1,0,1,-1,1,1,-1,1,-1,-1,-1,1,1,1,-1,1,-1,1,1,-1,1,1,1,1,1
http://dskogsphoto.com/category/getbride-org-es-mujeres-albanesas-correo-orden-2/,1,-1,1,1,1,1,1,0,1,1,1,1,1,1,1,1,1,1,1,1,1,1,1,1,1,-1,1,1,0,1,1
https://www.archeozoo.org/archeozootheque/picture/Pp-Mtt2/tags/32-metatarsien,1,-1,1,1,1,1,1,0,1,1,1,1,1,1,1,1,-1,1,1,1,1,1,1,1,1,-1,1,1,1,1,1
https://eiu.dk/faa-hjaelp-til-laan-uden-dokumentation-her/,1,0,1,1,1,1,1,0,1,1,1,1,1,1,1,1,1,1,1,1,1,1,1,1,1,-1,1,1,1,1,1
http://www.orvietosport.it/2014/03/26/passione-per-la-danza-noemi-e-simone-guardano-avanti/,1,-1,1,1,1,1,1,-1,1,1,1,1,0,1,0,0,1,1,1,1,1,1,-1,1,1,-1,1,1,1,1,1
https://bbwporn.cc/en/categories/bukkake/high/,1,1,1,1,1,1,1,0,1,1,1,1,1,1,1,-1,1,1,1,1,1,1,-1,1,1,-1,1,1,-1,1,1
https://render.otoy.com/forum/memberlist.php?mode=leaders&sid=f4a0a78c05eba2d28ab245f05dde8c70,1,-1,1,1,1,1,1,0,1,1,1,1,0,0,0,1,1,1,1,1,1,1,-1,1,1,-1,1,1,1,1,1
https://sahel-intelligence.com/14346-mali-motion-de-censure-contre-le-gouvernement-deposee-par-des-deputes-de-lopposition-et-de-la-majorite.html,1,-1,1,1,1,-1,1,0,1,1,1,1,1,1,1,1,1,1,1,1,1,1,-1,1,1,-1,1,1,0,1,1
https://www.pdq.com/blog/delete-target-history-schedule/,1,0,1,1,1,1,1,0,1,1,1,1,-1,1,0,1,1,1,1,1,1,1,-1,1,1,-1,1,1,1,1,1
https://jukuchou.net/date/2023/03/30,1,1,1,1,1,1,1,0,1,1,1,1,0,1,0,1,1,1,1,1,1,1,-1,1,1,-1,-1,1,0,1,1
https://leadershiplearning.ca/index.php/ijll/user/register,1,0,1,1,1,1,1,0,1,1,1,1,0,1,0,1,1,1,1,1,1,1,-1,1,1,-1,1,1,1,1,1
https://et-al.pt/2023/09/29/amor-sob-a-santa-cruz/,1,1,1,1,1,-1,1,0,-1,1,1,1,0,1,0,1,1,-1,1,1,1,1,1,-1,1,-1,1,1,1,1,1
https://www.sportas.lt/naujiena/440554/k-maksvycio-aukletiniai-iskope-i-finalini-fiba-cempionu-lygos-atrankos-etapa,1,-1,1,1,1,1,1,0,1,1,1,1,0,1,-1,1,-1,1,1,1,1,1,-1,1,1,-1,1,1,0,1,1
https://jamesonskillings.com/the-ketogenic-diet/,1,1,1,1,1,1,1,0,1,1,1,1,1,1,0,-1,1,1,1,1,1,1,1,1,1,-1,1,1,0,1,1
https://dongten.net/con-cam-do-cua-chua-va-hoang-dia-doi-ta/,1,0,1,1,1,1,1,0,1,1,1,1,1,1,0,1,1,1,1,1,1,1,-1,1,1,-1,1,1,1,1,1
http://www.yosikekomo.com/2016/04/14/por-y-para-vosotros/,1,0,1,1,1,1,1,-1,1,1,1,1,-1,0,1,1,1,1,1,1,1,1,1,1,1,-1,1,1,1,1,1
https://shop.gravitynelson.co.nz/products/unior-flat-wrench-for-suspension-service,1,-1,1,1,1,1,1,0,-1,1,1,1,0,0,0,1,1,-1,1,1,1,1,-1,-1,1,-1,1,1,1,1,1
https://www.tjstudios.com/p829212237,1,1,1,1,1,1,1,0,1,1,1,1,-1,1,-1,-1,1,1,1,1,1,1,-1,1,1,-1,1,1,-1,1,1
https://panoramahoy.es/moda/2023/11/11/las-prendas-basicas-que-no-deben-faltar-en-el-armario-en-este-invierno-16371.html,1,-1,1,1,1,1,1,0,-1,1,1,1,-1,0,-1,1,1,-1,1,1,1,1,-1,-1,1,-1,1,1,1,1,1
https://blueblackjazz.com/en/artist/15/sammy-price,1,1,1,1,1,1,1,0,1,1,1,1,1,1,0,-1,1,1,1,1,1,1,1,1,1,-1,1,1,0,1,1
https://www.adm.gov.it/portale/normativa-nazionale4,1,1,1,1,1,1,1,0,1,1,1,1,1,1,1,1,1,1,1,1,1,1,1,1,1,-1,1,1,1,1,1
https://www.italytraveller.com/it/r/firenze/s/ponte-vecchio,1,0,1,1,1,1,1,0,1,1,1,1,0,1,0,1,1,1,1,1,1,1,1,1,1,-1,1,1,1,1,1
https://www.motaa.com/group/team-discussions/discussion/6b582568-1af8-4ea5-b3b9-fb17d868ff76,1,-1,1,1,1,1,1,0,1,-1,1,1,-1,1,-1,1,1,1,1,1,1,1,-1,1,1,-1,1,1,0,1,1
http://cnjradio.com/blog/?tag=jason-jordan,1,1,1,1,1,1,1,0,1,1,1,1,1,1,0,1,1,1,1,1,1,1,-1,1,1,-1,1,1,1,1,1
https://discord-api-types.dev/api/next/discord-api-types-v6/interface/RESTPutAPIGuildBanJSONBody,1,-1,1,1,1,-1,1,0,1,1,1,1,1,1,1,1,1,1,1,1,1,1,1,1,1,-1,1,1,1,1,1
https://esthetiquenoire.hr/pour-homme/prp/,1,1,1,1,1,1,1,0,1,1,1,1,1,1,1,1,1,1,1,1,1,1,-1,1,1,-1,1,1,1,1,1
https://voiceofviolin.de/tag/clou-experience/,1,1,1,1,1,1,1,0,-1,1,1,1,1,1,1,1,-1,1,1,1,-1,1,1,-1,1,-1,1,1,1,1,1
https://dre18.de/die-e18-ist-uebergeben/,1,1,1,1,1,1,1,0,-1,-1,1,1,0,1,0,-1,1,1,1,1,1,1,1,-1,1,-1,-1,1,1,1,1
https://www.tunwalai.com/story/42682?rc=3,1,1,1,1,1,1,1,0,1,-1,1,1,-1,1,0,1,-1,1,1,1,1,1,1,1,1,-1,1,1,1,1,1
https://www.metaglossary.com/define/1788%20in%20music,1,1,1,1,1,1,1,0,1,1,1,1,0,0,0,1,1,1,1,1,1,1,-1,1,1,-1,1,1,0,1,1
https://www.pankower-allgemeine-zeitung.de/bezirk-2/blankenburg/,1,0,1,1,1,-1,1,0,-1,1,1,1,1,1,1,1,1,1,1,1,1,1,1,-1,1,-1,1,1,1,1,1
https://meatstorehn.com/astra-portfolio/lomo-de-res-salteado/,1,0,1,1,1,1,1,0,1,1,1,1,1,1,0,1,-1,1,1,1,1,1,-1,1,1,-1,-1,1,1,1,1
https://riganuts.com/tag/%E3%82%A2%E3%83%AD%E3%83%9E/,1,1,1,1,1,1,1,0,1,1,1,1,0,1,0,1,1,1,1,1,1,1,1,1,1,-1,1,1,1,1,1
https://www.kaltra.com/single-post/2020/11/05/rack-cooling-systems,1,0,1,1,1,1,1,0,1,-1,1,1,1,1,0,1,-1,1,1,1,1,1,1,1,1,-1,1,1,1,1,1
https://business.brack.ch/de/brand?facetFilters%5BfacetManufacturerName%5D%5B0%5D=Lenovo,1,-1,1,1,1,1,1,0,-1,1,1,1,-1,1,0,-1,-1,-1,1,1,1,1,1,-1,1,-1,1,1,-1,1,1
https://www.stadium.com.uy/sale/ropa/pantalones?depositos=montevideo,1,0,1,1,1,1,1,0,-1,-1,1,1,-1,1,-1,-1,1,-1,1,1,1,1,-1,-1,1,-1,1,1,1,1,1
https://clic.org.hk/zh/topics/sexual_offences/III_Sexual_offences_to_protect_public_morality/C_Offences_Relating_to_Prostitution/2_Keeping_a_Vice_Establishment/Q1,1,-1,1,1,1,1,1,0,1,1,1,1,1,1,1,1,1,1,1,1,1,1,-1,1,1,-1,1,1,1,1,1
https://www.lancastercountymag.com/event/club-42-pat-bianchi-trio/,1,0,1,1,1,1,1,0,1,1,1,1,0,-1,0,1,1,1,1,1,1,1,-1,1,1,-1,1,1,1,1,1
https://next-marketing.datacamp.com/es/courses/reinforcement-learning-with-gymnasium-in-python,1,-1,1,1,1,-1,1,0,1,1,1,1,0,1,0,1,1,1,1,1,1,1,-1,1,1,-1,1,1,1,1,1
https://www.dansinternationaal.nl/competition/entry-form/entries-via-the-website-are-closed,1,-1,1,1,1,1,1,0,-1,1,1,1,1,1,1,1,1,1,1,1,1,1,1,1,1,-1,1,1,1,1,1
https://www.mallscenters.com/brands/stores/cielito-rosado-cocina-artesanal/san-juan--puerto-rico--plaza-las-am-ricas,1,-1,1,1,1,1,1,0,1,1,1,1,-1,1,0,1,1,1,1,1,1,1,-1,1,1,-1,1,1,1,1,1
https://www.spielportugal.org/about/carlos-ferreira,1,1,1,1,1,1,1,0,1,-1,1,1,-1,1,-1,1,-1,1,1,1,1,1,1,1,1,-1,1,1,1,1,1
https://hakkaride-kultur.com.tr/iktidar-emekcinin-temel-yasalarinda-tartisma-yaratacak-degisikliklere-hazirlaniyor-esneklik-yine-isitiliyor/,1,-1,1,1,1,-1,1,0,1,1,1,1,1,1,1,1,1,1,1,1,1,1,1,1,1,-1,1,1,1,1,1
https://tvalagoas.com.br/noticia/53791/jucielen-romeu-cai-nas-quartas-e-encerra-participacao-do-boxe-em-paris.html,1,-1,1,1,1,1,1,0,1,1,1,1,0,1,0,-1,1,1,1,1,1,1,-1,1,1,-1,1,1,1,1,1
https://en.vietnamplus.vn/tag.vnp?q=Microsoft%20PowerPoint%202013,1,0,1,1,1,1,1,0,-1,-1,1,1,-1,1,-1,1,-1,-1,1,1,1,1,1,-1,1,-1,1,1,1,1,1
http://www.advancedaudioink.com/chanpinzhanshi/hunningtujiemianchulicailiao/52.html,1,-1,1,1,1,1,1,-1,1,1,1,1,-1,1,0,1,1,1,1,1,1,1,1,1,1,-1,1,-1,-1,1,1
https://git.fmrib.ox.ac.uk/mariar/continuous_rdk_simulations/-/starrers,1,0,1,1,1,1,0,0,-1,1,1,1,1,1,1,1,1,-1,1,1,1,1,1,1,1,-1,1,1,1,1,1
http://www.ceramichegaruti.com/1/contatti_875683.html,1,1,1,1,1,1,1,-1,1,1,1,1,1,1,1,1,-1,1,1,1,1,1,1,1,1,-1,-1,1,0,1,1
http://haustraum.org/side/Fina.php,1,1,1,1,1,1,1,-1,1,1,1,1,1,0,1,1,1,1,1,1,1,1,1,1,1,-1,-1,1,1,1,1
https://theschool.ru/shkolnaya-zhizn/novosti/pozdravlyaem-78978/,1,0,1,1,1,1,1,0,1,1,1,1,0,1,0,1,-1,1,1,1,1,1,-1,1,1,-1,1,1,1,1,1
http://xunyang.com.cn/y/11104t8/,1,1,1,1,1,1,1,-1,1,1,1,1,1,1,1,1,1,1,1,1,1,1,1,1,1,-1,1,1,1,1,1
https://www.afrofucking.com/stephanie-benson-shares-photos-of-herself-wearing-a-strap-on-dick/,1,-1,1,1,1,1,1,0,1,-1,1,1,0,1,0,-1,1,1,1,1,1,1,-1,1,1,-1,1,1,1,1,1
http://mangaconseil.com/manga-manhwa-manhua/black-box-editions/shonen/8-man-infinity/,1,-1,1,1,1,1,1,0,1,1,1,1,-1,1,0,1,-1,1,1,1,1,1,1,1,1,-1,1,1,1,1,1
https://preferversion.click/15565/goods,1,1,1,1,1,1,1,0,1,1,1,1,1,1,0,1,1,1,1,1,1,1,1,1,1,-1,-1,1,-1,1,1
https://au.hotels.com/ho131362/mafolie-hotel-st-thomas-u-s-virgin-islands/,1,0,1,1,1,1,1,0,1,1,1,1,1,1,1,1,1,1,1,1,1,1,1,1,1,-1,1,1,-1,1,1
https://saf7ah.com/%D9%83%D9%85-%D8%B9%D9%85%D8%B1-%D8%A7%D9%85%D8%A7%D9%86%D9%8A-%D8%A7%D9%84%D8%B9%D8%A7%D9%8A%D8%AF/,1,-1,1,1,1,1,1,0,1,1,1,1,0,1,0,1,1,1,1,1,1,1,-1,1,1,-1,1,1,1,1,1
http://www.botgirl.com/2008/04/bot-love.html,1,1,1,1,1,1,1,-1,1,1,1,1,-1,0,0,1,1,1,1,1,1,1,-1,1,1,-1,1,1,1,1,1
https://www.thedrive.com/news/tech/tesla-cybertruck-deliveries-delayed-again-this-time-due-to-a-faulty-wiper,1,-1,1,1,1,1,1,0,1,1,1,1,-1,1,0,1,-1,1,1,1,1,1,-1,1,1,-1,1,1,1,1,1
https://vexinvaldeseine.fr/le-monte-cristo/,1,1,1,1,1,1,1,0,1,1,1,1,1,1,1,1,-1,1,1,1,1,1,1,1,1,-1,1,1,1,1,1
https://www.google.co.in/search?q=subject:%22Science+/+Space+Science+/+Cosmology%22&sca_esv=5761f7a0dc04c98a&sca_upv=1&ie=UTF-8&tbm=bks&source=lnt&tbs=bkv:p&sa=X&ved=0ahUKEwjhtK2okMGIAxVJMlkFHb2PLDQQpwUIDQ,1,-1,1,1,1,1,1,0,1,1,1,1,1,0,0,1,1,1,1,1,1,1,1,1,1,-1,1,1,1,1,1
http://rsodnj.novodieta.com/index.php?m=home&c=View&a=index&aid=24,1,0,1,1,1,1,1,-1,1,1,1,1,1,0,1,1,-1,1,1,1,1,1,-1,1,1,-1,-1,-1,1,1,1
https://www.coolhorse.com/products/745801001619,1,1,1,1,1,1,1,0,1,1,1,1,0,1,0,-1,1,1,1,1,-1,1,-1,1,1,-1,1,1,1,1,1
https://www.worksourcewa.com/microsite/content.aspx?appid=MGSWAOFFLOC&pagetype=simple&seo=officelocator&utm_medium=email&utm_source=govdelivery,1,-1,1,1,1,1,1,0,1,-1,1,1,-1,1,0,1,-1,1,1,1,1,1,-1,1,1,-1,1,1,1,1,1
https://shopclassic.ca/products/founders-legacy-1200-pellet-grill,1,0,1,1,1,1,1,0,1,1,1,1,0,1,0,1,1,1,1,1,1,1,-1,1,1,-1,1,1,1,1,1
https://www.worldwidewine.nl/product-page/paul-mas-viognier,1,0,1,1,1,1,1,0,-1,-1,1,1,-1,1,-1,-1,-1,1,1,1,1,1,-1,1,1,-1,1,1,0,1,1
http://yarosinfo.ru/pages/news/1971,1,1,1,1,1,1,1,-1,1,1,1,1,1,1,1,1,1,1,1,1,1,1,1,1,1,-1,1,1,-1,1,1
https://vels-177.ru/fotogalereya/photo/img_1466/,1,1,1,1,1,-1,1,0,1,1,1,1,1,1,0,1,1,1,1,1,1,1,1,1,1,-1,1,1,-1,1,1
http://www.markushonner.com/yllp/461609.html,1,1,1,1,1,1,1,-1,1,1,1,1,-1,1,0,1,1,1,1,1,1,1,1,1,1,-1,1,-1,-1,1,1
https://www.svaboda.org/a/24869053.html,1,1,1,1,1,1,1,0,1,1,1,1,0,1,0,0,-1,1,1,1,1,1,-1,1,1,-1,1,1,1,1,1
https://www.icegay.tv/movies/1280665/dildo-action,1,1,1,1,1,1,1,0,1,1,1,1,0,1,0,1,1,1,1,1,1,1,-1,1,1,-1,1,1,1,1,1
https://lvarhivs.gov.lv/index3.php?id=9009&kods=200024739&vien=4,1,0,1,1,1,1,1,0,-1,1,1,1,1,1,1,1,-1,-1,1,1,1,1,1,-1,1,-1,1,1,0,1,1
https://www.skv.pl/it/About/,1,1,1,1,1,1,1,0,1,1,1,1,1,1,0,1,-1,1,1,1,1,1,1,1,1,-1,1,1,1,1,1
https://www.bilsektionen.dk/speciel-elbil-kommer-til-danmark-kia-soul-ev/,1,0,1,1,1,1,1,0,1,1,1,1,1,-1,0,-1,-1,1,1,1,1,1,-1,1,1,-1,1,1,1,1,1
https://baskino.se/87400-kuda-propala-vanda-2024.html,1,1,1,1,1,1,1,0,1,1,1,1,0,1,0,-1,1,1,1,1,1,1,-1,1,1,-1,1,1,0,1,1
https://onlinepilatesclasses.com/blog/benefits-of-pilates-workouts-while-traveling/,1,-1,1,1,1,1,1,0,1,1,1,1,1,1,1,1,1,1,1,1,1,1,-1,1,1,-1,1,1,1,1,1
https://uknowledge.uky.edu/igc/20/themeB/184/,1,1,1,1,1,1,1,0,1,1,1,1,-1,0,-1,1,-1,1,1,1,1,1,-1,1,1,-1,1,1,1,1,1
https://gadgetworld.com.ng/product/tft-lcd-screen-for-vivo-v3-max-with-digitizer-full-assemblywhite/,1,-1,1,1,1,1,1,0,1,1,1,1,1,1,1,1,1,1,1,1,1,1,-1,1,1,-1,1,1,1,1,1
https://has.gr/p/e-fresh-achladia-conference-viologika-isagogis-elachisto-varos-1-15kg-fruits-forward-3-4100141957,1,-1,1,1,1,1,1,0,-1,-1,1,1,-1,-1,-1,1,1,-1,1,1,1,1,1,-1,1,-1,1,1,1,1,1
https://lesplaisirsfruites.com/les-bienfaits-des-litchis/,1,0,1,1,1,1,1,0,1,1,1,1,1,1,1,1,1,1,1,1,1,1,-1,1,1,-1,1,1,1,1,1
https://www.crossroads140.com/people/todd-peden/,1,1,1,1,1,1,1,0,1,-1,1,1,-1,1,0,1,-1,1,1,1,1,1,1,1,1,-1,1,1,1,1,1
https://skyward.iscorp.com/scripts/wsisa.dll/WService=wsfinjeffersonwestks/rappljoblst484.w,1,-1,1,1,1,1,1,0,1,1,1,1,1,1,1,1,1,1,1,1,1,1,1,1,1,-1,1,1,-1,1,1
https://www.memoriaflashonline.com/tarjetas-micro-sd-kingston/,1,0,1,1,1,1,1,0,1,1,1,1,0,1,0,1,1,1,1,1,1,1,-1,1,1,-1,1,1,1,1,1
https://www.thebertscountryantiques.com/product-page/19th-century-shaker-maple-wood-cloths-hanger,1,-1,1,1,1,1,1,0,1,-1,1,1,-1,1,-1,-1,1,1,1,1,1,1,-1,1,1,-1,1,1,0,1,1
https://www.elektrocz.com/c5089-kompaktni-trouby/?b%5B%5D=aeg,1,0,1,1,1,1,1,0,1,1,1,1,-1,1,0,-1,-1,1,1,1,1,1,-1,1,1,-1,1,1,1,1,1
https://www.hh.ca/,1,1,1,1,1,1,1,0,1,-1,1,1,-1,-1,-1,-1,-1,1,1,1,1,1,-1,1,1,-1,1,1,1,1,1
https://www.edennaeden.mk/od-kade-mu-e-idejata-na-g-r-r-martin-za-nastanite-vo-game-of-thrones/,1,-1,1,1,1,1,1,0,-1,1,1,1,1,1,1,1,-1,-1,1,1,1,1,-1,-1,1,-1,1,1,1,1,1
https://www.kvhs-myk.de/programm/kultur-bis-gestalten-bis-musik-bis-tanz.html/kurs/570-C-4450345/t/modellieren-mit-ton,1,-1,1,1,1,-1,1,0,-1,1,1,1,1,1,1,-1,-1,1,1,1,1,1,1,-1,1,-1,1,1,1,1,1
https://happyhydroponics.com.au/products/seahawk-bowl-trimmer-19,1,0,1,1,1,1,1,0,-1,1,1,1,0,1,0,1,-1,1,1,1,1,1,-1,-1,1,-1,1,1,1,1,1
https://tsurigokoro.com/2023/05/24/%E5%A4%A7%E7%89%A9%E9%87%A3%E3%82%8A%E4%BE%BF%E3%81%A7%E3%81%99%E2%9D%97%EF%B8%8F5%E6%9C%8820%E6%97%A5%E9%87%A3%E3%80%80%E6%9E%9C/,1,-1,1,1,1,1,1,0,1,1,1,1,1,1,0,1,1,1,1,1,1,1,1,1,1,-1,-1,1,1,1,1
https://www.efarmz.be/fr/shop/A6761+mini-duo-de-voyage,1,0,1,1,1,1,1,0,-1,1,1,1,0,1,1,1,1,1,1,1,1,1,1,1,1,-1,1,1,1,1,1
https://www.slideegg.com/about-us-powerpoint-template-43,1,0,1,1,1,1,1,0,1,1,1,1,1,1,1,1,1,1,1,1,1,1,-1,1,1,-1,1,1,1,1,1
https://www.amcare.co.jp/research/20211029-1663/,1,1,1,1,1,1,1,0,-1,1,1,1,1,0,0,1,1,-1,1,1,1,1,-1,1,1,-1,1,1,1,1,1
https://naturescart.ae/bonne-maman-intense-red-fruits-spread-335g/8309/p,1,0,1,1,1,1,1,0,-1,-1,1,1,-1,1,0,1,1,1,1,1,1,1,-1,-1,1,-1,1,1,1,1,1
https://jobs.telefonica.com/search/?q=AY+YILDIZ&locale=de_DE,1,0,1,1,1,1,1,0,1,-1,1,1,0,1,0,1,1,1,1,1,1,1,-1,1,1,-1,1,1,1,1,1
http://www.huddersfieldrlheritage.co.uk/Photo_Library/Sundry/Calendars/Tommy_Smales_-_Eddie_Waring-single,1,-1,1,1,1,1,1,-1,1,1,1,1,1,1,1,1,1,1,1,1,1,1,1,1,1,-1,1,1,0,1,1
https://bg.airbnb.com/riviere-du-rempart-district-mauritius/stays/outdoor-seating,1,-1,1,1,1,1,1,0,1,-1,1,1,-1,1,-1,1,1,1,1,1,1,1,1,1,1,-1,1,1,1,1,1
https://lizalpert.com/products/white-moldavite-necklace,1,0,1,1,1,1,1,0,1,1,1,1,0,1,0,1,1,1,1,1,1,1,-1,1,1,-1,1,1,1,1,1
https://www.voluntariosdearagon.com/tag/batalla-de-las-eras/,1,0,1,1,1,1,1,0,1,1,1,1,1,1,1,1,1,1,1,1,1,1,1,1,1,-1,1,1,1,1,1
https://listserv.jmu.edu/cgi-bin/wa?A3=1511&L=VADCFLL-L&E=Quoted-printable&P=2020307&B=--&T=text%2Fhtml;%20charset=utf-8,1,-1,1,1,1,1,1,0,1,1,1,1,1,1,1,1,-1,1,1,1,1,1,1,1,1,-1,1,1,0,1,1
https://www.morecore.de/news/linkin-park-fuehren-die-liste-der-meistgestreamten-heavy-alben-bei-spotify-an/,1,-1,1,1,1,1,1,0,-1,1,1,1,0,0,0,0,1,1,1,1,1,1,-1,-1,1,-1,1,1,1,1,1
https://www.dissapore.com/ricette/croque-madame/,1,1,1,1,1,1,1,0,1,1,1,1,-1,1,0,1,-1,1,1,1,1,1,-1,1,1,-1,1,1,1,1,1
https://meslaisvi.lt/2012/04/02/teismo-psichiatrijos-ir-teisesaugos-blogosios-praktikos-atgimimas/,1,-1,1,1,1,1,1,0,1,1,1,1,0,1,0,1,1,1,1,1,1,1,-1,1,1,-1,1,1,1,1,1
https://accademiabonifaciana.eu/laccademia-bonifaciana-di-anagni-dona-la-reliquia-di-san-giovanni-xxiii-all-11-reggimento-bersaglieri-di-orcenico-superiore/,1,-1,1,1,1,1,1,0,-1,1,1,1,1,1,1,1,-1,1,1,1,1,1,-1,-1,1,-1,1,1,0,1,1
https://ball-lock.com/%E0%B8%A7%E0%B8%B4%E0%B9%80%E0%B8%84%E0%B8%A3%E0%B8%B2%E0%B8%B0%E0%B8%AB%E0%B9%8C%E0%B8%9A%E0%B8%AD%E0%B8%A5-1114109,1,-1,1,1,1,-1,1,0,1,1,1,1,1,1,0,1,1,1,1,1,1,1,1,1,1,-1,1,1,0,1,1
https://www.homepera.com/foneks-mimoza-80x300-1521--16021,1,0,1,1,1,1,1,0,1,1,1,1,-1,1,0,1,1,1,1,1,1,1,-1,1,1,-1,1,1,1,1,1
https://littlelinen.com/collections/sale/cot,1,1,1,1,1,1,1,0,1,1,1,1,-1,1,0,1,-1,1,1,1,1,1,-1,1,1,-1,1,1,1,1,1
https://ab-forum.de/app.php/forumswegweiser?sid=c08ed5eb32d758c00ae4e64f5742b419,1,-1,1,1,1,-1,1,0,-1,1,1,1,1,0,1,1,-1,1,1,1,1,1,1,-1,1,-1,1,1,1,1,1
https://www.drivparts.com/en-in/suppliers.html,1,1,1,1,1,1,1,0,1,1,1,1,1,1,1,1,1,1,1,1,1,1,-1,1,1,-1,1,1,1,1,1
https://echa.europa.eu/registration-dossier/-/registered-dossier/17490/7/9/1,1,-1,1,1,1,1,1,0,-1,1,1,1,1,1,1,1,1,1,1,1,1,1,1,-1,1,-1,1,1,0,1,1
https://r.umn.edu/about-umr/alumni/resources,1,1,1,1,1,1,1,0,1,1,1,1,1,1,0,-1,1,1,1,1,1,1,-1,1,1,-1,1,1,1,1,1
http://mamertine.poppingevents.com/list.asp?classid=8,1,1,1,1,1,1,1,-1,1,1,1,1,1,0,1,1,-1,1,1,1,1,1,-1,1,1,-1,1,-1,1,1,1
https://exargentina.org/the-leader-in-web-site-creation.html,1,0,1,1,1,1,1,0,1,1,1,1,0,1,1,1,1,1,1,1,1,1,-1,1,1,-1,1,1,1,1,1
https://www.glamstore.com/shop/product/11130573410316-ibd-just-base-13419,1,0,1,1,1,1,1,0,1,1,1,1,1,1,0,1,1,1,1,1,1,1,-1,1,1,-1,1,1,1,1,1
https://yuripoe.com/2016/10/13/post-6475/,1,1,1,1,1,1,1,0,1,-1,1,1,-1,1,-1,1,1,1,1,1,-1,1,-1,1,1,-1,1,1,1,1,1
https://isekaiworld.com/product-tag/undead-unluck-1/,1,1,1,1,1,1,1,0,1,1,1,1,1,1,1,1,1,1,1,1,1,1,-1,1,1,-1,-1,1,1,1,1
https://www.otequipamientos.com/maquinaria-hosteleria/77-exprimidor-automatico-cubierta-transparente.html,1,-1,1,1,1,1,1,0,1,1,1,1,1,1,1,1,1,1,1,1,1,1,1,1,1,-1,1,1,0,1,1
https://beaueye.com/products/new-waterproof-3-piece-g306-mink-hair-eyelashes,1,-1,1,1,1,1,1,0,1,1,1,1,0,1,0,-1,-1,1,1,1,1,1,-1,1,1,-1,1,1,1,1,1
https://timarubridgeclub.org.nz/events/wednesday-afternoon-bridge-3-2021-11-24/,1,-1,1,1,1,1,1,0,-1,1,1,1,1,1,1,1,1,-1,1,1,1,1,1,-1,1,-1,1,1,1,1,1
https://perpus.smpmaarifimogiri.sch.id/index.php?author=I+Gusti+Agung+Ayu+Kade+Galuh&search=Search,1,-1,1,1,1,1,1,0,1,1,1,1,1,1,1,-1,1,1,1,1,1,1,1,1,1,-1,1,1,1,1,1
https://www.fiatparts.de/epages/Holtmann_NiedergerkeGmbH.sf/de_DE/?ObjectPath=/Shops/Holtmann_NiedergerkeGmbH/Products/014108,1,-1,1,1,1,1,1,0,-1,1,1,1,1,1,1,1,1,1,1,1,1,1,1,-1,1,-1,1,1,-1,1,1
http://msrcs.com/vod/play/id/1033469/sid/1/nid/1.html,1,1,1,1,1,1,1,0,1,1,1,1,-1,1,0,1,1,1,1,1,1,1,-1,1,1,-1,-1,-1,1,1,1
https://www.zsbzsw.com/bkzn/290.html,1,1,1,1,1,1,1,0,1,-1,1,1,-1,1,0,1,1,1,1,1,1,1,-1,1,1,-1,-1,1,1,1,1
https://arv7.ru/metro-Babushkinskaja.php/,1,1,1,1,1,1,1,0,1,1,1,1,0,1,0,-1,-1,1,1,1,1,1,1,1,1,-1,1,1,0,1,1
http://doribi.com/index-42.html,1,1,1,1,1,1,1,-1,1,1,1,1,1,0,0,0,-1,1,1,1,1,1,-1,1,1,-1,1,1,1,1,1
https://newsbay71.com/global-news/catalepsy-treatment-market-segments-drivers-restraints-and-trends-for-2024-2033/,1,-1,1,1,1,1,1,0,1,1,1,1,0,1,1,1,1,1,1,1,1,1,1,1,1,-1,1,1,1,1,1
https://coachfarm.com/M0Ex,1,1,1,1,1,1,1,0,1,1,1,1,1,1,1,1,1,1,1,1,1,1,1,1,1,-1,1,1,-1,1,1
https://kostenlose-spiele-apps.de/autorin/kostenlose-spiele-apps/,1,0,1,1,1,-1,1,0,-1,1,1,1,1,1,0,1,1,1,1,1,1,1,-1,-1,1,-1,1,1,0,1,1
https://blog.olcsoautoberles.org/welpenkauf-beachten-solltest/hajdu-bihar/bocskaikert,1,-1,1,1,1,1,1,0,1,1,1,1,-1,0,0,1,1,1,1,1,1,1,1,1,1,-1,1,1,1,1,1
https://www.jindeal.com/product-tag/sleeping-baby-with-bear-shape-soaps-mold/,1,-1,1,1,1,1,1,0,1,-1,1,1,-1,1,0,-1,-1,1,1,1,1,1,-1,1,1,-1,1,1,1,1,1
https://www.buehler-waesche24.de/680/Jersey-Spannlaken-8000-Farbe--111-burgund-E_BETTL-FB-111-burgund,1,-1,1,1,1,-1,1,0,-1,1,1,1,1,1,1,-1,1,1,1,1,1,1,1,-1,1,-1,1,1,1,1,1
https://rosebrock.com/karriere/,1,1,1,1,1,1,1,0,1,1,1,1,1,1,1,1,1,1,1,1,1,1,-1,1,1,-1,1,1,1,1,1
https://smolenskkraeved.ru/fotoalbom/photo/img_4663,1,1,1,1,1,1,1,0,1,1,1,1,1,1,0,1,1,1,1,1,1,1,1,1,1,-1,1,1,-1,1,1
https://forums1.cpdl.org/phpBB3/viewtopic.php?f=1&p=30246&sid=fe1d363a03c59907bb04f5409e92c4f3,1,-1,1,1,1,1,1,0,1,1,1,1,1,1,1,1,-1,1,1,1,1,1,1,1,1,-1,-1,1,1,1,1
https://www.evoca.am/en/cards/gift-cards/mbg-gift-card/,1,0,1,1,1,1,1,0,-1,1,1,1,1,1,0,1,-1,1,1,1,1,1,-1,-1,1,-1,1,1,1,1,1
https://www.llnl1.buzz/index.php/vod/detail/id/119816.html,1,0,1,1,1,1,1,0,1,1,1,1,-1,-1,-1,1,1,1,1,1,1,1,-1,-1,1,-1,1,1,1,1,1
https://www.kwb.de/Projekte/Schulmentoren-52?page=9&channel=26&category=0&news_id=817,1,-1,1,1,1,1,1,0,-1,1,1,1,1,1,1,1,-1,1,1,1,1,1,1,-1,1,-1,1,1,1,1,1
https://bg.airbnb.com/orange-county-nc/stays/cabins,1,1,1,1,1,1,1,0,1,-1,1,1,-1,1,-1,1,1,1,1,1,1,1,1,1,1,-1,1,1,1,1,1
https://portalradioclube.com.br/faixa-de-gaza-mais-32-mil-mortos-apos-175-dias-de-guerra/,1,-1,1,1,1,1,1,0,1,1,1,1,1,1,1,1,1,1,1,1,1,1,-1,1,1,-1,1,1,1,1,1
https://www.quiltrio.com/contact,1,1,1,1,1,1,1,0,1,-1,1,1,-1,1,-1,-1,-1,1,1,1,1,1,1,1,1,-1,-1,1,1,1,1
https://www.torrypendergrass.com/image/I0000YrLS9X2ypII,1,0,1,1,1,1,1,0,1,1,1,1,0,1,0,1,1,1,0,1,1,1,-1,1,-1,-1,1,1,-1,1,1
https://www.kinonews.ru/poster245370/,1,1,1,1,1,1,1,0,1,1,1,1,0,1,0,1,1,1,1,1,1,1,-1,1,1,-1,1,1,1,1,1
https://farmapalacio.com/producto/cerebrit-330-grcerebrit-50-gr-p-e/,1,0,1,1,1,1,1,0,1,1,1,1,1,1,1,1,-1,1,1,1,1,1,-1,1,1,-1,1,1,1,1,1
https://www.enerpac.com/it/pompe-di-sollevamento-controllate/pompa-elettrica-sistema-di-sollevamento-sincronizzato/EVO421380,1,-1,1,1,1,1,1,0,1,1,1,1,-1,1,-1,1,1,1,1,1,1,1,-1,1,1,-1,1,1,-1,1,1
https://rollcall.com/2023/01/20/some-asian-americans-fear-house-china-panel-will-fuel-bigotry/,1,-1,1,1,1,1,1,0,1,1,1,1,-1,1,0,1,-1,1,1,1,1,1,-1,1,1,-1,1,1,1,1,1
https://yhteishyva.fi/ruoka-ja-reseptit/tee-maailman-paras-piparitaikina-nain-onnistut-myo/5VIbPA71OusGJFVS4p1YuT,1,-1,1,1,1,1,1,0,1,1,1,1,1,1,1,1,1,1,1,1,1,1,-1,1,1,-1,1,1,1,1,1
https://www.annuaire-camping.net/,1,1,1,1,1,-1,1,0,1,1,1,1,1,1,1,1,1,1,1,1,1,1,1,1,1,-1,1,1,-1,1,1
https://a1plus.am/hy/article/472243,1,1,1,1,1,1,1,0,-1,1,1,1,1,1,0,1,1,1,1,1,1,1,-1,-1,1,-1,1,1,1,1,1
https://www.toastabletravel.com/blog,1,1,1,1,1,1,1,0,1,-1,1,1,-1,1,-1,1,-1,1,1,1,1,1,1,1,1,-1,-1,1,0,1,1
https://luckz.nl/geboortekaartjes/tweelingen/geboortekaartje-tweeling-meisjes-konijntjes,1,-1,1,1,1,1,1,0,-1,1,1,1,1,1,0,-1,1,1,1,1,1,1,-1,1,1,-1,1,1,1,1,1
https://kegilya.net/search/%D1%80%D1%83%D1%81%D0%BA%D0%B8%D0%B5-%D1%80%D0%B0%D0%B7%D0%B2%D1%80%D0%B0%D1%82%D0%BD%D1%8B%D0%B5-%D1%82%D0%B5%D0%BB%D0%BA%D0%B8-%D0%B3%D0%B5%D0%BC%D0%BE%D1%84%D1%80%D0%BE%D0%B4%D0%B8%D1%82%D0%BA%D0%B8/,1,-1,1,1,1,1,1,0,1,1,1,1,1,1,0,1,1,1,1,1,1,1,-1,1,1,-1,1,1,1,1,1
https://fm-asmo.com/2741-2/fmasmo10th%E3%83%AD%E3%82%B4-2/,1,0,1,1,1,-1,1,0,1,1,1,1,1,1,0,1,1,1,1,1,1,1,1,1,1,-1,1,1,1,1,1
https://www.tecnicadellascuola.it/sciopero-25-marzo-torna-fridays-for-future-ecco-le-principali-piazze-italiane-che-hanno-manifestato,1,-1,1,1,1,1,1,0,1,1,1,1,0,0,0,1,1,1,1,1,1,1,-1,1,1,-1,1,1,1,1,1
https://bbs.360.cn/home.php?mod=follow&do=follower&uid=25022576,1,0,1,1,1,1,1,0,1,1,1,1,-1,0,-1,-1,1,1,1,1,1,1,1,1,1,-1,1,1,1,1,1
https://mynorthwest.com/3985868/vigilante-dad-recounts-catching-man-accused-of-assaulting-uw-students/,1,-1,1,1,1,1,1,0,1,-1,1,1,-1,1,0,-1,-1,1,1,1,1,1,-1,1,1,-1,1,1,1,1,1
https://es.wikiquote.org/wiki/Chuck_Palahniuk,1,1,1,1,1,1,1,0,1,1,1,1,0,0,0,1,1,1,1,1,1,1,1,1,1,-1,1,1,1,1,1
http://bjconstanta.ro/lansare-de-carte-singuri-in-satul-global-editura-paideia-2023/,1,-1,1,1,1,1,1,0,1,1,1,1,1,1,1,1,1,1,1,1,1,1,-1,1,1,-1,1,1,1,1,1
https://www.acemobility.nl/en/automotive-research/autonomous-freight-transport,1,-1,1,1,1,1,1,0,-1,1,1,1,0,1,0,-1,-1,1,1,1,1,1,-1,1,1,-1,1,1,1,1,1
https://spira.tv/tipico-maklercourtage-freispielen-so-wie-geschmiert-gehts-hinter-deinem-wettvorteil/,1,-1,1,1,1,1,1,0,1,1,1,1,1,1,1,1,1,1,1,1,1,1,-1,1,1,-1,1,1,1,1,1
https://cloverport.net/tag/%E3%82%AD%E3%83%A0%E3%83%81%E6%95%99%E5%AE%A4/,1,0,1,1,1,1,1,0,1,1,1,1,0,1,0,1,1,1,1,1,1,1,-1,1,1,-1,1,1,1,1,1
https://pantreefoodservice.ca/products/cadbury-caramilk-48-50-g-jit,1,0,1,1,1,1,1,0,1,1,1,1,0,1,0,1,1,1,1,1,1,1,-1,1,1,-1,1,1,0,1,1
https://diariodiavventure.com/da-vinadio-a-pontebernardo/,1,0,1,1,1,1,1,0,1,1,1,1,0,1,0,1,-1,1,1,1,1,1,-1,1,1,-1,1,1,1,1,1
https://www.mobilenumbertrackeronline.com/tag/current-phone-location-tracker-online/,1,-1,1,1,1,1,1,0,1,1,1,1,1,1,1,1,1,1,1,1,1,1,-1,1,1,-1,1,1,1,1,1
https://www.clinicbarcelona.org/ca/noticies/etiqueta/maria-angels-martinez,1,0,1,1,1,1,1,0,1,1,1,1,0,1,0,1,1,1,1,1,1,1,-1,1,1,-1,1,1,0,1,1
https://quicklessonspiano.com/courses/online/lesson/db-minor-triads/,1,0,1,1,1,1,1,0,1,1,1,1,1,1,1,-1,1,1,1,1,1,1,-1,1,1,-1,1,1,-1,1,1
https://www.cdkeypt.pt/comprar-minecraft-legends-nintendo-switch-barato-comparar-precos/,1,-1,1,1,1,1,1,0,-1,1,1,1,1,1,0,-1,-1,-1,1,1,1,1,1,-1,1,-1,1,1,1,1,1
https://jeditemplearchives.com/galleries/2017/Review_ObiWanKenobisStarfighterTAC/pages/Review_ObiWanKenobisStarfighterTAC014.html,1,-1,1,1,1,1,1,0,1,1,1,1,-1,1,-1,1,-1,1,1,1,1,1,-1,1,1,-1,1,1,1,1,1
https://www.saratoga.com/event/honeysuckle-250711/,1,1,1,1,1,1,1,0,1,1,1,1,-1,1,0,0,1,1,1,1,1,1,-1,1,1,-1,1,1,1,1,1
https://www.ming-shop.com/1940/,1,1,1,1,1,-1,1,0,1,1,1,1,1,1,1,1,1,1,1,1,1,1,1,1,1,-1,1,1,0,1,1
https://aginsects.osu.edu/search/site/news%20tilmon%20lab%20hiring%20summer%20student%20interns?page=219&f%5B0%5D=hash%3Aajcnw6&f%5B1%5D=hash%3Am7cmlj&f%5B2%5D=hash%3A890let,1,-1,1,1,1,1,1,0,1,1,1,1,0,0,0,1,1,1,1,1,1,1,-1,1,1,-1,1,1,1,1,1
https://www.antanasmoncys.com/lt/calendar/present/,1,1,1,1,1,1,1,0,1,1,1,1,0,1,0,1,1,1,1,1,1,1,1,1,1,-1,1,1,1,1,1
https://beautygirl-tr.com/product/serit-peri-led-10-metre/,1,0,1,1,1,-1,1,0,1,1,1,1,1,1,1,1,-1,1,1,1,1,1,-1,1,1,-1,-1,1,1,1,1
https://b-web.yeg.gr.jp/2021/09/,1,1,1,1,1,-1,1,0,-1,1,1,1,0,1,0,1,1,-1,1,1,1,1,-1,1,1,-1,1,1,1,1,1
https://www.dictionnaire-academie.fr/article/A9C1277,1,1,1,1,1,-1,1,0,1,1,1,1,1,1,0,-1,1,1,1,1,1,1,1,1,1,-1,1,1,0,1,1
https://customcruisers.eu/en/275-ninja-400,1,1,1,1,1,1,1,0,-1,1,1,1,1,1,1,1,1,1,1,1,1,1,-1,-1,1,-1,1,1,0,1,1
http://szsjjf.com/search/%E6%8E%A8%E6%B2%B9.html,1,1,1,1,1,1,1,-1,1,1,1,1,-1,1,0,1,1,1,1,1,1,1,1,1,1,-1,-1,-1,1,1,1
https://www.aquazon.es/fr/bidet/115-mitigeur-monocommande-de-bidet-en-laiton-chrome-bristol-series-imex.html,1,-1,1,1,1,1,1,0,-1,1,1,1,0,1,0,1,-1,-1,1,1,1,1,-1,-1,1,-1,1,1,1,1,1
https://bio-valley.com/collections/skin/glass-skin,1,1,1,1,1,-1,1,0,1,1,1,1,0,1,0,-1,-1,1,1,1,1,1,-1,1,1,-1,1,1,1,1,1
https://faq.admention.de/?sid=141797937&lang=de&action=faq&cat=4&id=224&artlang=de,1,-1,1,1,1,1,1,0,-1,1,1,1,1,1,1,1,1,1,1,1,1,1,1,-1,1,-1,1,1,1,1,1
http://shizuka.cocolog-tnc.com/shizuka/2020/02/post-a95834.html,1,0,1,1,1,-1,1,0,1,1,1,1,0,1,0,0,-1,1,1,1,1,1,-1,1,-1,-1,1,1,1,1,1
https://www.finta.pl/forum/viewtopic.php?f=20&t=1565,1,1,1,1,1,1,1,0,1,1,1,1,1,1,1,1,1,1,1,1,1,1,1,1,1,-1,1,1,1,1,1
https://badmintonland.nl/Sleutelhangers,1,1,1,1,1,1,1,0,-1,1,1,1,1,1,1,-1,1,1,1,1,-1,1,1,1,1,-1,1,1,1,1,1
https://torchlight.tokyo/?p=1,1,1,1,1,1,1,1,0,1,1,1,1,1,1,1,1,1,1,1,1,1,1,1,1,1,-1,-1,1,0,1,1
https://www.houzz.co.nz/professionals/tile-stone-and-benchtops/wanaka-f7-nz-probr0-bo~t_11929~r_2184707,1,-1,1,1,1,1,1,0,-1,1,1,1,-1,1,-1,0,1,-1,1,1,1,1,-1,-1,1,-1,1,1,0,1,1
https://kosterstaphorst.nl/products/2777056,1,1,1,1,1,1,1,0,-1,1,1,1,1,1,1,1,-1,1,1,1,-1,1,-1,1,1,-1,1,1,1,1,1
https://www.nationaltrustcollections.org.uk/object/1288062,1,0,1,1,1,1,1,0,1,1,1,1,0,1,0,1,1,1,1,1,1,1,1,1,-1,-1,1,1,1,1,1
https://amanlocks.com/product/dotted-2-keys/,1,1,1,1,1,1,1,0,1,1,1,1,1,1,1,1,1,1,1,1,1,1,1,1,1,-1,-1,1,0,1,1
https://lonavkz.web.app/34778/44523.html,1,1,1,1,1,1,1,0,-1,1,1,1,0,0,1,1,1,-1,1,1,1,1,1,-1,1,-1,1,-1,1,1,1
https://www.mozishop.hu/ajandektargyak/karakterek/dc_comics_karakterek,1,0,1,1,1,1,1,0,-1,-1,1,1,-1,1,-1,1,-1,-1,1,1,1,1,-1,-1,1,-1,1,1,1,1,1
https://www.handbellworld.com/equip/equipPiece.cfm?piece=16030,1,0,1,1,1,1,1,0,1,1,1,1,1,1,0,1,1,1,1,1,1,1,1,1,1,-1,1,1,1,1,1
https://rekoubo.com/products/,1,1,1,1,1,1,1,0,1,1,1,1,1,1,1,1,1,1,1,1,1,1,-1,1,1,-1,1,1,1,1,1
http://www.hammarbykyrkan.nu/default.jsp?calendarMonth=6&calendarYear=2023&oid=5064&menuID=3,1,-1,1,1,1,1,1,-1,1,1,1,1,1,1,1,1,-1,1,1,1,1,1,1,1,1,-1,1,1,0,1,1
https://pcrework.nl/onedrive-foutcode-0x8004de25-redenen-en-oplossingen/,1,0,1,1,1,1,1,0,-1,1,1,1,1,1,1,1,-1,1,1,1,1,1,1,1,1,-1,1,1,1,1,1
https://www.thesoulstore.be/gift-guide/,1,1,1,1,1,1,1,0,-1,-1,1,1,-1,1,-1,1,1,1,1,1,1,1,-1,1,1,-1,1,1,1,1,1
https://www.viefitretreats.com/fr/events-1/bamboo-charity-barre-2,1,0,1,1,1,1,1,0,1,-1,1,1,-1,1,-1,-1,-1,1,1,1,1,1,-1,1,1,-1,1,1,1,1,1
https://www.fiba.basketball/es/sudamericano/2016/2706/Argentina-Uruguay,1,0,1,1,1,1,1,0,1,1,1,1,0,0,0,1,1,1,1,1,1,1,-1,1,1,-1,1,1,1,1,1
https://framagit.org/explore/projects/topics/forms?archived=only&language=224&sort=latest_activity_desc,1,-1,1,1,1,1,1,0,1,1,1,1,1,1,1,1,1,1,1,1,1,1,1,1,1,-1,1,1,1,1,1
https://gaypornvideos.org/search/stuck-in-self-bondage,1,0,1,1,1,1,1,0,1,1,1,1,1,1,0,1,1,1,1,1,1,1,1,1,1,-1,1,1,-1,1,1
https://credo.pro/2023/01/337033,1,1,1,1,1,1,1,0,1,1,1,1,0,1,0,-1,1,1,1,1,1,1,-1,1,1,-1,1,1,1,1,1
https://www.portalaporanews.com.br/search/label/Supera%C3%A7%C3%A3o,1,0,1,1,1,1,1,0,1,1,1,1,-1,1,-1,-1,1,1,1,1,1,1,-1,1,1,-1,-1,1,1,1,1
https://instituteofpediatricsleep.com/graduates_profile/rachel-oconnor/,1,0,1,1,1,1,1,0,1,1,1,1,0,0,0,-1,-1,1,1,1,1,1,1,1,1,-1,1,1,1,1,1
https://lchfbutikken.dk/finansieringsvalg-for-baade-en-omfattende-guide/,1,0,1,1,1,1,1,0,1,1,1,1,1,1,1,1,1,1,1,1,1,1,1,1,1,-1,1,1,0,1,1
https://app.stockalarm.io/symbols/FID,1,1,1,1,1,1,1,0,1,1,1,1,0,0,0,1,-1,1,1,1,1,1,-1,1,1,-1,1,1,1,1,1
https://www.comiccombo.de/?mode=search&autor=+_Houby+&+Sanwenyu,1,0,1,1,1,1,1,0,-1,1,1,1,1,1,1,1,1,1,1,1,1,1,1,-1,1,-1,1,1,1,1,1
http://archiv.forumstadtpark.at/index.php?idcatside=799&kat=konzert,1,0,1,1,1,1,1,-1,-1,1,1,1,1,1,0,0,1,1,1,1,1,1,1,-1,1,-1,1,1,1,1,1
https://www.glifeutv.com/products/polaris-general-v-flow-intake-filter-kit,1,0,1,1,1,1,1,0,1,1,1,1,0,1,0,1,-1,1,1,1,1,1,-1,1,1,-1,1,1,1,1,1
https://flo-vents.co.uk/17-mighton,1,1,1,1,1,-1,1,0,1,1,1,1,1,1,1,1,-1,1,1,1,1,1,1,1,1,-1,-1,1,1,1,1
https://www.forumaquario.org/t127625-sol-pour-mon-juwel-lido,1,0,1,1,1,1,1,0,1,-1,1,1,-1,0,0,1,1,1,1,1,1,1,-1,1,1,-1,1,1,1,1,1
https://pdfbooks.ourhindi.com/gadhon-par-savar-puatakalaya-j-winter/,1,0,1,1,1,1,1,0,1,1,1,1,0,1,0,1,1,1,1,1,1,1,-1,1,1,-1,1,1,1,1,1
https://www.howardstern.com/news/2015/06/03/jada-pinkett-smith-opens-howard-stern/,1,-1,1,1,1,1,1,0,1,1,1,1,0,1,0,1,-1,1,1,1,1,1,-1,1,1,-1,1,1,1,1,1
https://www.toyota.com/dealers/north-carolina/wrightsville-beach/dealers/,1,0,1,1,1,1,1,1,1,1,1,1,0,1,0,-1,1,1,1,1,1,1,-1,1,1,-1,1,1,1,1,1
https://www.dvm360.com/view/ultrasound-mid-distal-limb-stifle-equine-practitioners-2-day-practical-course,1,-1,1,1,1,1,1,0,1,1,1,1,0,1,0,1,1,1,1,1,1,1,-1,1,1,-1,1,1,1,1,1
https://www.skycomputer.rs/it/citaci-kartica,1,1,1,1,1,1,1,0,1,1,1,1,1,1,1,-1,-1,1,1,1,-1,1,1,1,1,-1,1,1,1,1,1
https://www.my-french-house.com/member/login-register?q=save_property&id=102248,1,-1,1,1,1,-1,1,0,1,1,1,1,-1,1,-1,0,-1,1,1,1,1,1,-1,1,1,-1,1,1,1,1,1
https://imuseum.im/search/archive_record/view?id=mnh-museum-451036&type=archive&tab=archive&from=&page=&term=cottage&size=20&sort=&filter=&view=&images=&ttmgp=0&rfname=&rlname=&machine=&race=&raceyear=&linked=0&pos=19,1,-1,1,1,1,1,1,0,-1,1,1,1,-1,0,0,1,1,1,1,1,1,1,-1,-1,1,-1,1,1,1,1,1
http://kunginews.com/35884,1,1,1,1,1,1,1,0,1,1,1,1,1,1,0,-1,1,1,1,1,1,1,1,1,1,-1,1,1,1,1,1
https://odderoyasvenner.no/en/history/the-gunpowder-chamber-on-a-separate-battery/,1,-1,1,1,1,1,1,0,-1,1,1,1,1,1,1,1,1,1,1,1,1,1,1,1,1,-1,1,1,0,1,1
https://alexandria.ucsb.edu/catalog?f%5Ball_contributors_label_sim%5D%5B%5D=Kiewit%2C+John+S.%2C+1948-&f%5Bform_of_work_label_sim%5D%5B%5D=photographs&f%5Blc_subject_label_sim%5D%5B%5D=Railroad+trains&f%5Blocation_label_sim%5D%5B%5D=Nogales+%28Ariz.%29&f%5Bsub_location_sim%5D%5B%5D=Department+of+Special+Research+Collections&per_page=50&sort=date_si+desc%2C+creator_label_si+asc&view=gallery,1,-1,1,1,1,1,1,0,1,1,1,1,1,1,1,1,1,1,1,1,1,1,1,1,1,-1,1,1,0,1,1
https://indonesian.alibaba.com/g/personal-lift-elevator.html,1,0,1,1,1,1,1,0,1,1,1,1,-1,0,-1,1,1,1,1,1,1,1,-1,1,1,-1,1,1,1,1,1
https://gfiber.googlesource.com/kernel/bruno/+/fdb17ddd0a499eaf08261dcedb0aee496297526a/drivers/watchdog/ts72xx_wdt.c,1,-1,1,1,1,1,1,0,1,1,1,1,0,1,1,1,1,1,1,1,1,1,1,1,1,-1,1,1,1,1,1
https://linkaroma.com/tag/tubidy-music-mp3/,1,1,1,1,1,1,1,0,1,1,1,1,1,1,1,-1,1,1,1,1,1,1,1,1,1,-1,1,1,-1,1,1
https://dechivilcoy.com.ar/pompeo-boggio-quedo-inaugurado-oficialmente-el-salon-de-octubre/,1,-1,1,1,1,1,1,0,1,1,1,1,0,-1,0,1,1,1,1,1,1,1,-1,1,1,-1,1,1,1,1,1
https://td-ds.ru/store/texstilnaya_galantereya/kosaja_bejka/kosaya-beyka-atlasnaya/kosaja_bejka_atlasnaja_ds/?pos=3704882,1,-1,1,1,1,-1,1,0,1,1,1,1,0,1,-1,1,-1,1,1,1,1,1,-1,1,1,-1,1,1,1,1,1
https://www.lovetoescape.com/location/scotland/the-highlands/aviemore/25/with-equestrian-facilities/places-to-stay.htm,1,-1,1,1,1,1,1,0,1,1,1,1,0,1,0,-1,1,1,1,1,1,1,-1,1,1,-1,1,1,1,1,1
https://almugada.com/%D8%B4%D8%B1%D9%83%D8%A9-%D9%83%D8%B4%D9%81-%D8%AA%D8%B3%D8%B1%D8%A8%D8%A7%D8%AA-%D8%A7%D9%84%D9%85%D9%8A%D8%A7%D9%87-%D8%A7%D9%84%D8%B2%D9%84%D9%81%D9%8A/,1,-1,1,1,1,1,1,0,1,1,1,1,1,1,0,-1,1,1,1,1,-1,1,1,1,1,-1,1,1,1,1,1
https://helferin-der-seelen.de/7-rauhnacht,1,1,1,1,1,-1,1,0,-1,1,1,1,1,1,1,1,1,1,1,1,1,1,1,-1,1,-1,1,1,1,1,1
https://porchlightshop.com/product-tag/roen/,1,1,1,1,1,1,1,0,1,1,1,1,1,1,1,1,1,1,1,1,1,1,1,1,1,-1,1,1,1,1,1
https://docs.galaxyproject.org/en/release_23.1/_modules/galaxy/visualization/plugins/registry.html,1,-1,1,1,1,1,1,0,1,1,1,1,1,1,0,1,1,1,1,1,1,1,1,1,1,-1,1,1,1,1,1
https://gsperformance.tokyo/blog/2012/04/28/247/,1,1,1,1,1,1,1,0,1,1,1,1,0,1,0,1,-1,1,1,1,1,1,-1,1,1,-1,1,1,0,1,1
https://www.wpr.org/news/gabrielle-giffords-national-figures-campaign-harris-wisconsin-campaign-surrogates,1,-1,1,1,1,1,1,0,1,1,1,1,1,1,0,1,1,1,1,1,1,1,-1,1,1,-1,1,1,1,1,1
https://forum.zive.cz/memberlist.php?style=5&mode=viewprofile&u=2&sid=c249046ce5768a87a10d67ded10ee636,1,-1,1,1,1,1,1,0,1,1,1,1,-1,1,0,1,1,1,1,1,1,1,-1,1,1,-1,1,1,1,1,1
https://digitalcollections.iu.edu/catalog?f%5Bcampus_sim%5D%5B%5D=IUB&f%5Bcountry_sim%5D%5B%5D=England&f%5Bdate_created_sim%5D%5B%5D=1923&f%5Bholding_location_sim%5D%5B%5D=B-MEDIASCHOOL&f%5Bnum_pages_sim%5D%5B%5D=0-99+pages&f%5Bsubject_sim%5D%5B%5D=Photography+of+men&f%5Bsubject_sim%5D%5B%5D=Male+friendship&locale=en&per_page=100&sort=date_created_isi+desc&view=masonry,1,-1,1,1,1,1,1,0,1,1,1,1,0,1,1,1,1,1,1,1,1,1,1,1,1,-1,1,1,1,1,1
https://www.bilathera.com/become-a-distributor/?setCurrencyId=1,1,0,1,1,1,1,1,0,1,-1,1,1,-1,1,-1,1,1,1,1,1,1,1,-1,1,1,-1,1,1,-1,1,1
http://www7a.biglobe.ne.jp/~soruca/diarypro/diary.cgi?mode=edit&no=27377,1,0,1,1,1,1,1,0,-1,1,1,1,1,1,1,1,1,-1,1,1,1,1,1,1,1,-1,1,1,0,1,1
https://www.nhm-wien.ac.at/veranstaltungsprogramm?kategorie_id=1535318147095132970460463616468489727971284710634862155862194387912847106349561468505166271&datum_von=2022-09-30",1,-1,1,1,1,-1,1,0,-1,1,1,1,1,1,1,-1,1,1,1,1,1,1,1,-1,1,-1,1,1,1,1,1
https://cremerj.org.br/concursos/2014;jsessionid=99BC0AFC0B7EF22F9429A55EAA171BF5,1,-1,1,1,1,1,1,0,1,1,1,1,1,1,0,1,1,1,1,1,1,1,1,1,1,-1,1,1,1,1,1
https://retemex.mx/3-tips-para-alargar-la-vida-de-la-bateria-de-tu-telefono/,1,-1,1,1,1,1,1,0,1,1,1,1,0,1,0,1,-1,1,1,1,1,1,-1,1,1,-1,1,1,1,1,1
https://tenjoubito.com/therapist/393/,1,1,1,1,1,1,1,0,1,1,1,1,-1,1,0,1,1,1,1,1,-1,1,1,1,1,-1,1,1,-1,1,1
https://matrixhifi.com/foro/viewforum.php?f=60&sid=6b818fb875ffb814a27b3281eee7cb44,1,-1,1,1,1,1,1,0,1,1,1,1,1,1,1,1,1,1,1,1,1,1,1,1,1,-1,1,1,1,1,1
https://m-mahdi.net/sada-almahdi/articles-1663,1,1,1,1,1,-1,1,0,1,1,1,1,1,1,0,1,1,1,1,1,1,1,-1,1,1,-1,1,1,1,1,1
https://primadoma.tv/video-391852-renovace-stolecku-v-zenskych-rukach,1,0,1,1,1,1,1,0,1,1,1,1,-1,0,0,1,1,1,1,1,1,1,-1,1,1,-1,1,1,1,1,1
https://www.banquetrecords.com/search?a=Tom+May&f=ticket+other+merchandise&b=release,1,-1,1,1,1,1,1,0,1,1,1,1,1,1,0,1,-1,1,1,1,1,1,1,1,1,-1,1,1,0,1,1
https://pemberdiamonds.co.za/2024/04/,1,1,1,1,1,1,1,0,1,1,1,1,0,1,0,1,1,1,1,1,1,1,-1,1,1,-1,1,1,0,1,1
https://insaat.name.tr/kombi-temizleme-emek-menderes-osmangazi-0546-9402175/,1,-1,1,1,1,1,1,0,1,1,1,1,1,1,1,1,-1,1,1,1,1,1,1,1,1,-1,1,1,1,1,1
https://www.mercanatu.com.br/aromaterapia/desodorante-vegano-oleo-essencial-melaleuca-wnf-120ml,1,-1,1,1,1,1,1,0,1,-1,1,1,-1,1,-1,-1,-1,1,1,1,1,1,-1,1,1,-1,1,1,1,1,1
https://wbkr.com/kentucky-has-best-unemployment-rate-recovery/,1,0,1,1,1,1,1,0,1,-1,1,1,-1,0,-1,-1,1,1,1,1,1,1,-1,1,1,-1,1,1,1,1,1
https://www.anja-unterwegs.de/kreuzfahrten/ms6-adria-dubrovnik-korfu-juni-19/triest/,1,-1,1,1,1,-1,1,0,-1,-1,1,1,-1,1,0,1,1,1,1,1,1,1,1,-1,1,-1,1,1,0,1,1
https://pe.sissai.com/collections/cadenas-para-hombres,1,0,1,1,1,1,1,0,1,1,1,1,0,1,0,-1,1,1,1,1,1,1,-1,1,1,-1,1,1,1,1,1
https://www.cantata.lv/katalogs/item/teja/zala/1255520/,1,0,1,1,1,1,1,0,-1,1,1,1,-1,1,-1,-1,1,-1,1,1,1,1,1,-1,1,-1,1,1,1,1,1
https://shop.brownsheep.com/PublicStore/catalog/Nature-Spun138.aspx",1,0,1,1,1,1,1,0,1,1,1,1,1,1,1,1,1,1,1,1,1,1,1,1,1,-1,1,1,1,1,1
https://www.nintendo.com/de-ch/Spiele/Nintendo-Switch-Download-Software/Save-Koch-1727463.html,1,-1,1,1,1,1,1,0,1,1,1,1,1,0,1,1,1,1,1,1,1,1,-1,1,1,-1,1,1,1,1,1
https://lartvues.com/sete-les-musiques-du-monde-a-la-fete-pour-la-26e-edition-de-fiesta-sete-du-21-juillet-au-4-aout/,1,-1,1,1,1,1,1,0,1,1,1,1,1,1,1,1,1,1,1,1,1,1,-1,1,1,-1,1,1,1,1,1
https://www.preservation1st.com/learning_center/calculators/home_affordability,1,-1,1,1,1,1,1,0,1,1,1,1,0,1,0,1,-1,1,1,1,1,1,-1,1,1,-1,1,1,1,1,1
https://frecuenciasdeluz.com/navega/frecuencias-pag/?taxQuery=genre__manifestacion%2Cmilagros%2Cfrecuencias-abundancia%2Bmood__relajante&orderby=all,1,-1,1,1,1,1,1,0,1,1,1,1,1,1,0,1,1,1,1,1,1,1,1,1,1,-1,1,1,1,1,1
https://open.uct.ac.za/handle/11427/29114/discover?rpp=10&filtertype_10=faculty&filtertype_11=author&filtertype_12=subject&filtertype_13=author&filter_relational_operator_12=equals&filtertype_14=subject&filter_relational_operator_11=equals&filtertype_15=subject&filter_relational_operator_10=equals&filter_relational_operator_15=equals&filter_relational_operator_14=equals&filter_relational_operator_13=equals&filtertype_0=author&filtertype_1=department&filtertype_2=dateIssued&filter_relational_operator_1=equals&filtertype_3=subject&filter_relational_operator_0=equals&filtertype_4=subject&filter_2=2012&filter_relational_operator_3=equals&filtertype_5=type&filter_1=Centre+for+Social+Science+Research%28CSSR%29&filter_relational_operator_2=equals&filtertype_6=author&filter_0=Cornwall%2C+Alexandra&filter_relational_operator_5=equals&filtertype_7=dateIssued&filter_relational_operator_4=equals&filtertype_8=subject&filter_6=Nunn%2C+Amy&filter_relational_operator_7=equals&filtertype_9=author&filter_5=Journal+Article&filter_relational_operator_6=equals&filter_4=Brazil&filter_relational_operator_9=equals&filter_3=AIDS+movements&filter_relational_operator_8=equals&filter_11=Dickman%2C+Samuel&filter_9=Nattrass%2C+Nicoli&filter_10=Faculty+of+Humanities&filter_8=Health+policy&filter_7=%5B2010+TO+2014%5D&filter_15=South+Africa&filter_14=Civil+society&filter_13=Gruskin%2C+Sofia&filter_12=AIDS&filtertype=subject&filter_relational_operator=equals&filter=HIV,1,-1,1,1,1,1,1,0,1,1,1,1,1,0,1,-1,1,1,1,1,1,1,1,1,1,-1,1,1,1,1,1
https://www.dolomitigolf.it/portfolio/melinda-2/?lang=en,1,0,1,1,1,1,1,0,1,1,1,1,1,1,0,1,-1,1,1,1,1,1,1,1,1,-1,1,1,1,1,1
https://www.australiahqj.com/tag/takeuchi-tb225/,1,1,1,1,1,1,1,0,1,1,1,1,1,1,1,1,1,1,1,1,1,1,1,1,1,-1,1,1,-1,1,1
https://www.pharmaciehellebore.be/nl/hollister-beenzakhouder-s-4-9612,1,0,1,1,1,1,1,0,-1,1,1,1,-1,1,0,-1,1,1,1,1,1,1,1,1,1,-1,1,1,1,1,1
https://www.divine-dragonfly.com/product/kashi-semiprecious-large-stone-earrings-blue-opal/6524,1,-1,1,1,1,-1,1,0,1,1,1,1,0,1,0,-1,-1,1,1,1,1,1,-1,1,1,-1,1,1,1,1,1
https://www.hockeysportshop.cz/seniorska-ramena/chranic-ramen-rbk-5k--vel--4/,1,-1,1,1,1,1,1,0,1,1,1,1,-1,1,-1,-1,-1,1,1,1,1,1,-1,1,1,-1,1,1,1,1,1
https://www.housedeal.co.jp/areacho_hd/shisetsu_hd11224/shisecate_hd0402/,1,0,1,1,1,1,1,0,-1,1,1,1,0,1,0,1,1,-1,1,1,1,1,-1,1,1,-1,1,1,-1,1,1
https://docs.pavothemes.com/arucafe/get-started/whats-included,1,0,1,1,1,1,1,0,1,1,1,1,1,1,1,1,1,1,1,1,1,1,1,1,1,-1,1,1,0,1,1
https://healtheducationresources.unesco.org/pt-pt/resources-library/languages/english-2512/languages/maruvo-2568/dates/2012/regions/asia-and-pacific-2829/?keys=&pg=3,1,-1,1,1,1,1,1,0,1,1,1,1,0,1,0,0,1,1,1,1,1,1,-1,1,1,-1,1,1,0,1,1
https://www.viavelo.cc/uitgave-3/,1,1,1,1,1,1,1,0,1,1,1,1,1,1,1,1,-1,1,1,1,1,1,-1,1,1,-1,1,1,1,1,1
https://w3b.com.br/pesquisadores-mostram-os-carros-mais-hackeaveis-na-black-hat-2014/painel-carro-2/,1,-1,1,1,1,1,1,0,1,1,1,1,1,1,0,1,-1,1,1,1,1,1,-1,1,1,-1,1,1,1,1,1
https://hardbodymeals.com/extras?dd=2025-01-19,1,1,1,1,1,1,1,0,1,1,1,1,0,1,0,1,-1,1,1,1,1,1,-1,1,1,-1,1,1,0,1,1
https://www.ahimsamilk.org/blog/2017/07/15/slaughter-interrupted/,1,0,1,1,1,1,1,0,1,1,1,1,1,1,1,-1,-1,1,1,1,1,1,-1,1,1,-1,1,1,1,1,1
https://www.the-hospitalist.org/hospitalist/topic/mens-health/,1,0,1,1,1,-1,1,0,1,1,1,1,0,1,0,1,1,1,1,1,1,1,-1,1,1,-1,1,1,1,1,1
https://inbox.dpdk.org/dev/20240614154615.65507-1-stephen@networkplumber.org/,1,-1,1,-1,1,1,1,0,1,1,1,1,1,1,1,1,-1,1,1,1,1,1,1,1,1,-1,1,1,0,1,1
https://integrador.meioemensagem.com.br/integrador/login/?client=33a239bba97bc5dd64bdeaefeb98fd02&redirectUri=https://www.meioemensagem.com.br/womentowatch/protagonistas-de-nossas-historias,1,-1,1,1,-1,1,1,0,1,1,1,1,0,-1,0,-1,-1,1,1,1,1,1,-1,1,1,-1,1,1,1,1,1
https://comoempreenderonline.com.br/tag/curso-solidworks-avancado/,1,0,1,1,1,1,1,0,1,1,1,1,1,1,1,1,1,1,1,1,1,1,1,1,1,-1,1,1,-1,1,1
http://huff.to/1nRzK3S,1,1,1,1,1,1,1,0,-1,-1,1,1,0,0,0,1,1,-1,1,1,1,1,1,-1,1,-1,1,1,1,1,1
https://topshelfco.ca/products/pokemon-2024-stacking-tin-dragon,1,0,1,1,1,1,1,0,1,1,1,1,0,1,0,1,1,1,1,1,1,1,-1,1,1,-1,1,1,1,1,1
https://3dnews.ru/1110638/dve-treti-rabotayushchih-sputnikov-nahodyatsya-pod-kontrolem-ilona-maska,1,-1,1,1,1,1,1,0,1,1,1,1,0,1,0,0,-1,1,1,1,1,1,-1,1,1,-1,1,1,1,1,1
https://www.confidentielles.com/listes-a-la-prevert/5cad0f47d86a0120f8585e0c_3-yoga-du-ventre-5-postures-pour-un-ventre-plat.html,1,-1,1,1,1,1,1,0,1,1,1,1,0,0,0,1,1,1,1,1,1,1,-1,1,1,-1,1,1,1,1,1
https://www.quangcaoyenbai.com/2019/06/chia-se-bo-poster-tranh-co-ong-toan-ve.html,1,-1,1,1,1,1,1,0,1,1,1,1,-1,1,0,-1,-1,1,1,1,1,1,-1,1,1,-1,1,1,1,1,1
https://rgcreates.com/date/2021/02/,1,1,1,1,1,1,1,0,1,1,1,1,1,1,0,1,1,1,1,1,1,1,1,1,1,-1,1,1,-1,1,1
https://www.e-string.gr/products/set-esorouxa-obsessive-liferia-cupless-set,1,0,1,1,1,-1,1,0,-1,1,1,1,0,1,0,0,-1,-1,1,1,1,1,-1,-1,1,-1,1,1,1,1,1
https://www.southwesternrailway.com/train-times/moreton-in-marsh-to-greenwich,1,-1,1,1,1,1,1,0,1,1,1,1,0,1,0,1,1,1,1,1,1,1,-1,1,1,-1,1,1,1,1,1
http://babadea.com/cgi-sys/defaultwebpage.cgi,1,1,1,1,1,1,1,-1,1,1,1,1,1,-1,1,1,1,1,1,1,1,1,1,1,1,-1,1,-1,1,1,1
https://mas1brand.com/en-us/products/ch-acero-funda-gris-cad-combinada-metal,1,-1,1,1,1,1,1,0,1,1,1,1,0,1,1,-1,1,1,1,1,1,1,-1,1,1,-1,1,1,1,1,1
https://ambiance-bois.lu/terrasses/fixation_invisible/50/,1,0,1,1,1,-1,1,0,-1,1,1,1,0,1,0,1,1,1,1,1,1,1,-1,-1,1,-1,1,1,1,1,1
https://christiansneedtoknow.com/,1,1,1,1,1,1,1,0,1,1,1,1,1,1,1,1,1,1,1,1,1,1,-1,1,1,-1,-1,1,1,1,1
https://www.blueestateagents.co.uk/articles/over-15-million-renters-are-at-risk-of-losing-their-deposit-as-rogue-landlords-ignore-deposit-protection-laws,1,-1,1,1,1,1,1,0,1,-1,1,1,-1,0,1,1,-1,1,1,1,1,1,1,1,1,-1,-1,1,1,1,1
https://windy.app/offer/61a3bec9bcfbee0ca039e1260e86b074.html,1,0,1,1,1,1,1,0,1,1,1,1,0,0,0,1,-1,1,1,1,1,1,-1,1,1,-1,1,1,1,1,1
https://www.historyworkshop.org.uk/feminism/radical-objects-london-womens-handbook/,1,-1,1,1,1,1,1,0,1,-1,1,1,0,0,0,1,1,1,1,1,1,1,1,1,1,-1,1,1,1,1,1
https://amanda.iheart.com/featured/the-jim-colbert-show/content/2022-12-08-evidence-for-colbert-court-with-glenn-klausman/,1,-1,1,1,1,1,1,0,1,-1,1,1,-1,0,-1,-1,1,1,1,1,1,1,-1,1,1,-1,1,1,1,1,1
https://www.blackbrain.it/it/products/17421/polo-casuals-sun-dark-green-polo-piquet-100-cotton-applicazione-ricamata-embroidered-application-best-quality-polos-pullovers-shirts.html,1,-1,1,1,1,1,1,0,1,1,1,1,1,1,0,0,1,1,1,1,1,1,-1,1,1,-1,1,1,1,1,1
https://blog.movingworlds.org/ai-for-social-innovation-wef-report-summary/,1,0,1,1,1,1,1,0,1,-1,1,1,0,-1,0,-1,1,1,1,1,-1,1,-1,1,1,-1,1,1,1,1,1
https://vietasiatravel.com/,1,1,1,1,1,1,1,0,1,1,1,1,1,1,0,-1,-1,1,1,1,1,1,-1,1,1,-1,1,1,1,1,1
https://www.institutodosoculos.com/sao-jose-dos-pinhais-calcadao/,1,0,1,1,1,1,1,0,1,1,1,1,0,0,0,1,-1,1,1,1,1,1,-1,1,1,-1,1,1,1,1,1
https://ar.everybodywiki.com/%D9%82%D8%A7%D9%84%D8%A8:%D8%A8%D8%B0%D8%B1%D8%A9_%D9%84%D8%A7%D8%B9%D8%A8_%D9%83%D8%B1%D8%A9_%D9%82%D8%AF%D9%85_%D9%85%D8%BA%D8%B1%D8%A8%D9%8A,1,-1,1,1,1,1,1,0,1,1,1,1,0,1,0,1,1,1,1,1,1,1,1,1,1,-1,1,1,1,1,1
https://kg.akipress.org/news:1636006,1,1,1,1,1,1,1,0,1,1,1,1,-1,-1,0,-1,-1,1,1,1,1,1,-1,1,1,-1,1,1,1,1,1
https://careers.autozone.com/jobs/USA6055S139P?lang=es-mx,1,0,1,1,1,1,1,0,1,-1,1,1,-1,1,-1,1,-1,1,1,1,1,1,-1,1,1,-1,1,1,1,1,1
http://bertolucci.hu/koncert/csik-generaciok-budapest-park/,1,0,1,1,1,1,1,0,-1,1,1,1,1,1,1,1,1,-1,1,1,1,1,1,-1,1,-1,1,1,0,1,1
"https://www.hmdedektor.com/kategori/metal-dedektoru?nitelik=7,3&fiyat=12,13,10&marka=7",1,-1,1,1,1,1,1,0,1,1,1,1,1,1,1,-1,1,1,1,1,1,1,-1,1,1,-1,1,1,1,1,1
https://prod.finanssivalvonta.fi/toiminnot/asiasanahaku/?tag=julkinen%20kuuleminen,1,-1,1,1,1,1,1,0,1,1,1,1,1,1,0,1,1,1,1,1,1,1,-1,1,1,-1,1,1,1,1,1
http://caue82.kentikaas.com/ListRecord.htm?list=link&xRecord=471614629989,1,0,1,1,1,1,1,-1,1,1,1,1,1,1,1,-1,1,1,1,1,1,1,1,1,1,-1,1,1,1,1,1
https://yandex.com/support2/smart-captcha/en/problems.html?form-unique_key=3aa61618-1259d881-48e1521b-38dd5fa4,1,-1,1,1,1,1,1,0,1,-1,1,1,-1,0,-1,1,1,1,1,1,1,1,-1,1,1,-1,1,1,1,1,1
https://rtbn.gov.mn/%D0%B4%D1%8D%D0%BB%D1%85%D0%B8%D0%B9%D0%BD-%D1%80%D0%B0%D0%B4%D0%B8%D0%BE%D0%B3%D0%B8%D0%B9%D0%BD-%D3%A9%D0%B4%D3%A9%D1%80-2-%D0%B4%D1%83%D0%B3%D0%B0%D0%B0%D1%80-%D1%81%D0%B0%D1%80%D1%8B%D0%BD-13/,1,-1,1,1,1,1,1,0,-1,1,1,1,1,1,1,1,-1,-1,1,1,1,1,1,-1,1,-1,1,1,1,1,1
https://web.ub.edu/es/web/estudis/w/masterpropio-202311560,1,0,1,1,1,1,1,0,1,-1,1,1,0,-1,-1,-1,-1,1,1,1,1,1,-1,1,1,-1,1,1,1,1,1
https://www.recabo.com/rental-luxury-pedregal-cabo-condo/2-34/,1,0,1,1,1,1,1,0,1,1,1,1,1,1,1,1,-1,1,1,1,1,1,-1,1,1,-1,1,1,1,1,1
"https://www.b-k-shop.de/browse/bringmannkopetzki-wild-life-body-language-book/en,0,10848,61623,0,0.html",1,-1,1,1,1,-1,1,0,-1,1,1,1,0,1,1,1,1,1,1,1,1,1,1,-1,1,-1,1,1,-1,1,1
https://archive.fdic.gov/view/fdic/5348,1,1,1,1,1,1,1,0,1,1,1,1,0,1,0,1,-1,1,1,1,1,1,-1,1,1,-1,1,1,1,1,1
https://pharmaceuticalnewswire.com/press-release/mercury-bio-accelerates-biomedical-research-with-support-from-los-alamos-national-laboratory-301851132/,1,-1,1,1,1,1,1,0,1,1,1,1,0,1,0,1,-1,1,1,1,1,1,1,1,1,-1,1,1,1,1,1
https://castysaninmobiliaria.com/propiedades/terreno-en-calle-belen-palma-del-rio,1,-1,1,1,1,1,1,0,1,1,1,1,1,1,1,1,-1,1,1,1,1,1,1,1,1,-1,-1,1,1,1,1
https://codigospostales.dices.net/mapacodigopostal.php?poblacion=CUMBRECILLA&codigopostal=35469,1,-1,1,1,1,1,1,0,1,1,1,1,0,0,0,1,1,1,1,1,1,1,-1,1,1,-1,1,1,0,1,1
http://www.steffmann.de/wordpress/tag/balve/,1,1,1,1,1,1,1,-1,-1,1,1,1,1,1,1,1,1,1,1,1,1,1,1,-1,1,-1,1,1,1,1,1
https://purrink.com/product/desert-bride-shirt-arizona-bachelorette-party-shi-1682095744/,1,-1,1,1,1,1,1,0,1,-1,1,1,0,1,0,-1,1,1,1,1,1,1,-1,1,1,-1,-1,1,1,1,1
https://sw.airbnb.com/greater-toronto-and-hamilton-area-canada/stays/waterfront,1,-1,1,1,1,1,1,0,1,-1,1,1,-1,1,-1,1,1,1,1,1,1,1,1,1,1,-1,1,1,1,1,1
https://bmc-switzerland.com/fr/collections/mountain-bikes?___from_store=ch_it&plp_primary_color%5B0%5D=White&plp_primary_color%5B1%5D=Green&size%5B0%5D=XL&size%5B1%5D=M,1,-1,1,1,1,-1,1,0,1,1,1,1,-1,1,-1,-1,1,1,1,1,1,1,-1,1,1,-1,1,1,1,1,1
https://recipepes.com/not-so-sloppy-joe-casserole/,1,1,1,1,1,1,1,0,1,1,1,1,0,1,0,-1,1,1,1,1,1,1,-1,1,1,-1,1,1,0,1,1
https://www.blackiceaustralia.com.au/collections/all,1,1,1,1,1,1,1,0,-1,1,1,1,0,1,0,-1,-1,1,1,1,1,1,-1,-1,1,-1,1,1,1,1,1
https://www.indianpornq.com/chubby/,1,1,1,1,1,1,1,0,1,1,1,1,-1,1,0,1,1,1,1,1,1,1,-1,1,1,-1,1,1,-1,1,1
https://thestimpdimple.com/?paged=293,1,1,1,1,1,1,1,0,1,1,1,1,0,1,0,1,1,1,1,1,1,1,-1,1,1,-1,1,1,-1,1,1
https://lampen-led-shop.at/lampen/outdoor-wandleuchte-mit-bewegungsmelder-und-33-cm-hoehe/,1,-1,1,1,1,-1,1,0,-1,-1,1,1,-1,1,0,-1,-1,1,1,1,1,1,1,-1,1,-1,1,1,0,1,1
https://altfins.com/crypto-screener/michi-michi,1,1,1,1,1,1,1,0,1,1,1,1,0,1,0,1,1,1,1,1,1,1,-1,1,1,-1,1,1,-1,1,1
http://cys.starfree.jp/%E6%8A%8A%E5%A5%B3%E5%8F%8B%E7%9A%84%E5%AB%A9%E7%A9%B4%E8%88%94%E5%88%B0%E6%BD%AE%E5%90%B9%E5%99%B4%E6%B0%B4/?lang=de,1,-1,1,1,1,1,1,-1,1,1,1,1,0,1,0,1,1,1,1,1,1,1,-1,1,-1,-1,-1,1,1,1,1
https://www.hooniverse.com/project-car-sotu-2016-rover-825-si-roverjoyed/,1,0,1,1,1,1,1,0,1,-1,1,1,-1,0,0,1,-1,1,1,1,1,1,-1,1,1,-1,1,1,1,1,1
https://associationdatabase.com/aws/CTAO/login/login?url_redirection=true&follow_up_url=http%3A%2F%2Fohiocountytreasurers.org%2Faws%2FCTAO%2Fpt%2Fsp%2Flegislative-updates&org_host=ohiocountytreasurers.org&org_session=90db02dee1f75a185f2ca109a6ed07d0,1,-1,1,1,1,1,1,0,1,1,1,1,1,1,1,1,-1,1,1,1,1,1,1,1,1,-1,1,1,-1,1,1
https://www.blogto.com/sports_play/2024/09/toronto-pwhl-logo-taylor-swift-video/,1,-1,1,1,1,1,1,0,1,-1,1,1,-1,1,-1,-1,-1,1,1,1,1,1,-1,1,1,-1,1,1,1,1,1
https://bohoandmala.com/products/boho-mala-freshwater-pearl-sterling-silver-stud-earrings,1,-1,1,1,1,1,1,0,1,1,1,1,1,1,0,1,1,1,1,1,1,1,-1,1,1,-1,1,1,1,1,1
https://khattabishop.ma/product-category/fournitures-scolaires/ecriture-et-corecction/gommes/,1,-1,1,1,1,1,1,0,-1,1,1,1,1,1,1,-1,1,1,1,1,1,1,1,-1,1,-1,-1,1,0,1,1
https://nouem.com.br/foque-em-processos-e-pessoas-depois-em-ferramentas/,1,0,1,1,1,1,1,0,1,1,1,1,0,1,0,1,-1,1,1,1,1,1,-1,1,1,-1,1,1,1,1,1
https://www.marketlazienek.pl/pl/c/Blinds/2854,1,1,1,1,1,1,1,0,1,1,1,1,1,1,0,1,1,1,1,1,1,1,-1,1,1,-1,1,1,1,1,1
https://bjo.bmj.com/user/register?destination=node/204454%3Fpanels_ajax_tab_tab%3Djnl_template_bmjj_cite_tool%26panels_ajax_tab_trigger%3Dcitation-tools,1,-1,1,1,1,1,1,0,1,1,1,1,-1,0,0,1,1,1,1,1,1,1,-1,1,1,-1,1,1,1,1,1
https://www.radiomarsho.com/a/27084327.html,1,1,1,1,1,1,1,0,1,1,1,1,0,0,0,1,-1,1,1,1,1,1,-1,1,1,-1,1,1,1,1,1
https://www.sciencecafe.cz/pozvanky/sc-open-gate-28-4-zajimavosti-ze-sveta-umele-inteligence/,1,-1,1,1,1,1,1,0,1,1,1,1,1,1,1,-1,-1,1,1,1,1,1,-1,1,1,-1,1,1,1,1,1
https://environmentjournal.ca/tag/martin-luymes/,1,1,1,1,1,1,1,0,1,-1,1,1,0,0,0,1,-1,1,1,1,1,1,-1,1,1,-1,1,1,1,1,1
http://www.lesmaterialistes.com/voie-lactee/pcp-gloire-eternelle-president-mao-zedong-1976,1,-1,1,1,1,1,1,0,1,-1,1,1,-1,-1,-1,1,1,1,1,1,1,1,1,1,1,-1,1,1,1,1,1
http://nn-files.nnov.org/photo/5-0-6025,1,1,1,1,1,-1,1,-1,1,1,1,1,0,1,0,-1,1,1,1,1,1,1,-1,1,1,-1,1,1,1,1,1
http://utbi.kr/post/851,1,1,1,1,1,1,1,-1,1,1,1,1,1,1,1,1,-1,1,1,1,1,1,-1,1,1,-1,1,1,-1,1,1
https://owperfumes.com/collections/laverne,1,1,1,1,1,1,1,0,1,1,1,1,-1,1,0,1,1,1,1,1,1,1,-1,1,1,-1,1,1,1,1,1
https://www.nerdwatch.com/tag/juxtaposition/,1,1,1,1,1,1,1,0,1,1,1,1,0,1,0,1,-1,1,1,1,1,1,-1,1,1,-1,1,1,1,1,1
https://drop.com/all-communities/drops?sc=desk-accessories%2Cheadphone-accessories&i=1%2C48%2C52%2C8&ps=4&tgs=gaming-headsets,1,-1,1,1,1,1,1,0,1,-1,1,1,-1,1,-1,1,1,1,1,1,1,1,1,1,1,-1,1,1,1,1,1
https://idealogy.biz/the-myth-of-discovery/,1,1,1,1,1,1,1,0,1,1,1,1,0,1,0,1,1,1,1,1,1,1,-1,1,1,-1,1,1,1,1,1
https://houqin.ecnu.edu.cn/_t2004/77/5c/c10847a161628/page.htm,1,0,1,1,1,1,1,0,-1,1,1,1,1,1,1,1,1,-1,1,1,1,1,1,-1,-1,-1,1,1,0,1,1
https://www.mujianst.com/htsy,1,1,1,1,1,1,1,0,1,-1,1,1,-1,0,-1,1,1,1,1,1,-1,1,1,1,1,-1,1,1,1,1,1
https://www.gubagbrisole.ch/satinband-farbe-405-6mm-25m/item-1-10000269.html,1,-1,1,1,1,1,1,0,-1,1,1,1,0,1,1,1,-1,-1,1,1,1,1,1,-1,1,-1,1,1,1,1,1
http://www.blogissues.com/2006/12/10/brawlers-bawlers-bastards-tom-waits-orphans-is-out/,1,-1,1,1,1,1,1,-1,1,1,1,1,1,1,1,1,1,1,1,1,1,1,-1,1,1,-1,1,1,1,1,1
https://xpleasure.pl/nadmuchiwany-silikonowy-korek-wibracyjny/,1,0,1,1,1,1,1,0,1,1,1,1,1,1,1,-1,-1,1,1,1,1,1,1,1,1,-1,1,1,1,1,1
https://wuu.wikipedia.org/wiki/%E6%9E%A3,1,1,1,1,1,1,1,0,1,1,1,1,1,-1,0,1,1,1,1,1,1,1,1,1,1,-1,1,1,1,1,1
https://hkytsa.org/presshtml/2022/20220428.html,1,1,1,1,1,1,1,0,1,1,1,1,0,1,0,1,1,1,1,1,1,1,1,1,1,-1,1,1,0,1,1
https://www.lowave.com/fr/artistes/485-frederic-d-oberland-fr,1,0,1,1,1,1,1,0,1,1,1,1,1,1,1,1,1,1,1,1,1,1,1,1,1,-1,1,1,0,1,1
http://apsnyteka.org/1930-abkhazskie_skazki_tom_I_1940.html,1,0,1,1,1,1,1,-1,1,1,1,1,0,0,0,1,1,1,1,1,1,1,1,1,1,-1,1,1,1,1,1
https://estnordest.org/en/publication/catalogue/imaging-disaster/,1,0,1,1,1,1,1,0,1,1,1,1,1,1,1,1,1,1,1,1,1,1,1,1,1,-1,1,1,1,1,1
https://stepmodifications.org/forum/topic/7175-npc-vocal-audio-cuts-short-sometimes/,1,-1,1,1,1,1,1,0,1,1,1,1,1,1,1,1,1,1,1,1,1,1,1,1,1,-1,1,1,1,1,1
https://caprichosponferrada.es/product/jersey-only-jenny/,1,0,1,1,1,1,1,0,-1,1,1,1,1,1,1,1,-1,-1,1,1,1,1,-1,-1,1,-1,1,1,1,1,1
https://barato.dk/products/paw-patron-sengesaet-the-movie,1,0,1,1,1,1,1,0,1,1,1,1,0,1,0,1,1,1,1,1,1,1,-1,1,1,-1,1,1,1,1,1
http://www.sozialgesetzbuch.de/gesetze/07/index.php?norm_ID=0701800,1,0,1,1,1,1,1,0,-1,1,1,1,1,1,1,0,1,1,1,1,1,1,1,-1,1,-1,1,1,1,1,1
https://www.illust-box.jp/sozai/266294/,1,1,1,1,1,-1,1,0,1,1,1,1,0,1,0,1,1,1,1,1,1,1,-1,1,1,-1,1,1,0,1,1
https://www.lecoins-onlineshop.de/antikes-rom/augustus-domitian-27v-96n/claudius-i-41-54-n-chr,1,-1,1,1,1,-1,1,0,-1,1,1,1,0,1,0,1,1,1,1,1,1,1,-1,-1,1,-1,-1,1,-1,1,1
https://vintex.com.br/bairro/imbiribeira/,1,1,1,1,1,1,1,0,1,1,1,1,0,0,0,-1,1,1,1,1,1,1,-1,1,1,-1,1,1,1,1,1
https://bbs.sciencenet.cn/home.php?mod=space&uid=3315941,1,0,1,1,1,1,1,1,1,1,1,1,1,0,1,1,1,1,1,1,1,1,1,1,1,-1,1,1,1,1,1
https://zamekkozuchow.pl/tag/stypulowianie/,1,1,1,1,1,1,1,0,1,1,1,1,1,1,1,1,1,1,1,1,1,1,-1,1,1,-1,1,1,1,1,1
https://port.pravda.ru/archive/2022-09-08/,1,1,1,1,1,1,1,0,1,1,1,1,0,1,0,1,1,1,1,1,1,1,-1,1,1,-1,1,1,1,1,1
https://www.springfield.sa/products/ethnic-print-blouse_maroon_6765961-69,1,0,1,1,1,1,1,0,-1,1,1,1,0,1,0,-1,1,1,1,1,1,1,-1,-1,1,-1,1,1,0,1,1
"https://www.b-k-shop.de/browse/bringmannkopetzki-wild-life-body-language-book/en,0,10848,61623,0,0.html",1,-1,1,1,1,-1,1,0,-1,1,1,1,0,1,1,1,1,1,1,1,1,1,1,-1,1,-1,1,1,-1,1,1
https://bentcreeknc.com/tag/funk/,1,1,1,1,1,1,1,0,1,1,1,1,0,1,0,1,-1,1,1,1,1,1,-1,1,1,-1,1,1,1,1,1
https://at.pinterest.com/ideas/gold-ring-for-women/897384144701/,1,0,1,1,1,1,1,0,1,-1,1,1,-1,1,-1,1,1,1,1,1,1,1,-1,1,1,-1,1,1,-1,1,1
https://www.guncel53.com/yalovada-cumhuriyetin-100-yili-coskuyla-kutlandi,1,0,1,1,1,1,1,0,1,-1,1,1,-1,1,0,1,-1,1,1,1,1,1,1,1,1,-1,1,1,1,1,1
http://lohashanji.com/shop/list.php?ca_id=1030&sort=it_use_cnt&sortodr=desc,1,0,1,1,1,1,1,-1,1,-1,1,1,-1,-1,-1,1,1,1,1,1,1,1,1,1,1,-1,1,1,0,1,1
https://www.telebit.hr/komponente/multimedijalna-oprema/tv-prijemnici/tv-tuneri-hibridni-analog-digital.html?SID=nu74d1morpj7tk269sajqm5a10,1,-1,1,1,1,1,1,0,1,1,1,1,1,1,1,1,1,1,1,1,1,1,-1,1,1,-1,1,1,-1,1,1
https://zlotascena.pl/olga-bonczyk-wroci-do-tanca-z-gwiazdami-aktorka-zabrala-glos/,1,-1,1,1,1,1,1,0,1,1,1,1,1,1,0,-1,-1,1,1,1,1,1,-1,1,1,-1,1,1,1,1,1
https://www.thedrive.com/news/tech/tesla-cybertruck-deliveries-delayed-again-this-time-due-to-a-faulty-wiper,1,-1,1,1,1,1,1,0,1,1,1,1,-1,1,0,1,-1,1,1,1,1,1,-1,1,1,-1,1,1,1,1,1
https://www.ajequipmentrepair.com/component/mailto/?tmpl=component&template=ja_business&link=43b40936f2a988e925212599107f7470c4a63791,1,-1,1,1,1,1,1,0,1,1,1,1,1,1,1,1,1,1,1,1,1,1,1,1,1,-1,1,1,-1,1,1
https://www.flowers4belo-horizonte.com/amish-bouquet-of-12-gerberas-and-natura-man-touch-kit-gifts-4.html,1,-1,1,1,1,-1,1,0,1,-1,1,1,-1,-1,-1,1,1,1,1,1,1,1,-1,1,1,-1,1,1,1,1,1
https://valoragricola.com.py/hidrovia-paraguay-parana-comienza-a-regir-nuevo-valor-del-peaje-para-barcazas/,1,-1,1,1,1,1,1,0,-1,1,1,1,1,0,0,1,1,-1,1,1,1,1,1,-1,1,-1,1,1,1,1,1
https://www.irongolemgames.com/product/reaper-packrat/5053,1,0,1,1,1,1,1,0,1,1,1,1,0,1,0,-1,1,1,1,1,1,1,-1,1,1,-1,1,1,1,1,1
https://prixfix.shop/produkt/mesh-gul/,1,1,1,1,1,1,1,0,1,1,1,1,1,1,1,1,1,1,1,1,1,1,1,1,1,-1,1,1,1,1,1
https://www.twitchboard.net/swimmers-against-humanity/1525949507_maxresdefault-jpg/,1,-1,1,1,1,1,1,0,1,1,1,1,1,1,1,1,1,1,1,1,1,1,1,1,1,-1,1,1,1,1,1
https://uihistories.library.illinois.edu/cgi-bin/rview_browsepdf?REPOSID=8&ID=8020&pagenum=218,1,-1,1,1,1,1,0,0,1,1,1,1,1,1,0,1,-1,1,1,1,1,1,1,1,1,-1,1,1,0,1,1
https://www.fyshusa.com/collections/platforms,1,1,1,1,1,1,1,0,1,1,1,1,1,1,0,1,1,1,1,1,1,1,-1,1,1,-1,1,1,1,1,1
https://nest-open-source.googlesource.com/nest-learning-thermostat/3.0.4/stm32flash-r61/+/76b05ef236628d573a1c494197570a2bd0faf586/stm32flash-r61/stm32flash.version,1,-1,1,1,1,-1,1,0,1,1,1,1,0,1,1,1,1,1,1,1,1,1,1,1,1,-1,1,1,1,1,1
https://silentbio.com/lindsay-lohan-net-worth/,1,1,1,1,1,1,1,0,1,1,1,1,1,1,1,1,-1,1,1,1,1,1,1,1,1,-1,1,1,1,1,1
https://kemosite.com/2013/11/23/layers-different-temperatures/,1,0,1,1,1,1,1,0,1,1,1,1,0,1,0,1,-1,1,1,1,1,1,-1,1,1,-1,1,1,-1,1,1
http://nkuggx.globalexcite.net/fr-be/markets/belgium,1,1,1,1,1,1,1,-1,1,1,1,1,1,0,1,1,-1,1,1,1,1,1,-1,1,1,-1,1,-1,1,1,1
https://www.ps-marketing.de/online-marketing-agentur-freiburg/,1,0,1,1,1,-1,1,0,-1,1,1,1,1,1,1,-1,-1,1,1,1,1,1,1,-1,1,-1,1,1,1,1,1
https://mzn.wikipedia.org/wiki/%DA%86%D8%A7%D8%B1%D9%84%D8%B2_%D9%BE%D9%88%D9%84%D8%A7%D9%86%DB%8C,1,-1,1,1,1,1,1,0,1,1,1,1,-1,0,0,1,1,1,1,1,1,1,1,1,1,-1,1,1,1,1,1
https://forum.pulse.rs/ucp.php?mode=delete_cookies&sid=eba7708f2685a1238c8c8f9526420449,1,-1,1,1,1,1,1,0,1,1,1,1,0,1,0,1,1,1,1,1,1,1,1,1,1,-1,-1,1,1,1,1
https://www.c-staffing.co.jp/2020/03/10/%E5%8B%9F%E9%9B%86%E4%B8%AD%E2%80%BC%EF%B8%8F%E3%80%90%E7%A6%8F%E6%B4%A5%E5%B8%82%E6%89%8B%E5%85%89%E3%80%91new%E3%82%AA%E3%83%BC%E3%83%97%E3%83%B3%E3%81%AE%E3%82%B9%E3%83%BC%E3%83%91%E3%83%BC-2-2-6-9/,1,-1,1,1,1,-1,1,1,-1,1,1,1,0,1,0,1,-1,-1,1,1,1,1,-1,1,1,-1,1,1,1,1,1
http://thefullmommy.com/read/the-Hidden-Marriage-A-Heaven-sent-Billionaire-Husband-8771842/406/,1,-1,1,1,1,1,1,0,1,1,1,1,1,1,1,1,1,1,1,1,1,1,1,-1,1,-1,1,1,0,1,1
https://akritizator.blog.hu/2015/02/03/oscar_vacsora?token=c9f54fa70182f445cb6388cdb88791ae,1,-1,1,1,1,1,1,0,-1,-1,1,1,-1,1,-1,0,-1,-1,1,1,1,1,-1,-1,1,-1,1,1,1,1,1
https://dev.byggalliansen.inbusinessclients.no/event/frokostmote-med-futurebuilt-sirkulaere-fornebu/,1,-1,1,1,1,1,0,0,-1,1,1,1,1,0,1,1,1,1,1,1,1,1,-1,1,1,-1,1,1,1,1,1
https://blog.depit.ru/odnovremennaya-rabota-v-excel/060910_0822_3-jpg/,1,0,1,1,1,1,1,0,1,1,1,1,0,1,0,1,1,1,1,1,1,1,1,1,1,-1,1,1,1,1,1
https://www.j-atelier54.com/post/%E7%BE%8E%E3%81%97%E3%81%84%E3%83%96%E3%83%AB%E3%83%BC,1,-1,1,1,1,-1,1,0,1,-1,1,1,-1,1,-1,1,-1,1,1,1,1,1,1,1,1,-1,-1,1,0,1,1
https://cheapasprints.com/product/a4-flyers-and-leaflets-printing/,1,0,1,1,1,1,1,0,1,1,1,1,1,1,1,-1,1,1,1,1,1,1,-1,1,1,-1,1,1,1,1,1
https://wingchunkungfu.eu/news/5-reasons-why-wing-chun-is-an-effective-martial-art-for-anyone,1,-1,1,1,1,1,1,0,-1,1,1,1,1,1,0,-1,-1,1,1,1,1,1,-1,-1,1,-1,1,1,1,1,1
https://www.prl-xbox-f1liga.de/alpine-verkuendet-neue-fahrerpaarung-nach-rueckzug-von-jake-thatch/,1,-1,1,1,1,-1,1,0,-1,1,1,1,1,1,1,1,1,1,1,1,1,1,1,-1,1,-1,1,1,1,1,1
https://kz.kursiv.media/2024-07-23/zhzh-kapnbrk/,1,1,1,1,1,1,1,0,1,-1,1,1,-1,0,-1,-1,-1,1,1,1,1,1,-1,1,1,-1,1,1,1,1,1
https://puffpuffpalace.co.uk/products/black-leaf-propeller-grinder-4-parts-62-mm-silver,1,-1,1,1,1,1,1,0,1,1,1,1,0,1,0,1,1,1,1,1,1,1,-1,1,1,-1,1,1,1,1,1
http://blackmanwrestling.com/close-only-counts/,1,1,1,1,1,1,1,-1,1,1,1,1,1,1,1,1,1,1,1,1,1,1,-1,1,1,-1,1,1,-1,1,1
https://domicile-design.co.uk/amalfi-onyx-deco-porcelana-silver-cmyk-2/,1,0,1,1,1,-1,1,0,1,1,1,1,1,1,1,1,1,1,1,1,1,1,1,1,1,-1,1,1,1,1,1
https://burtchseed.com/burtch-seed-2019-seed-guide/,1,1,1,1,1,1,1,0,1,1,1,1,1,1,1,1,1,1,1,1,1,1,-1,1,1,-1,1,1,1,1,1
https://www.airbnb.es/province-of-frosinone-italy/stays/ski-in-ski-out,1,0,1,1,1,1,1,0,-1,-1,1,1,-1,1,-1,1,1,-1,1,1,1,1,-1,-1,1,-1,1,1,1,1,1
https://game.udn.com/game/tag/%E5%8B%95%E4%BD%9C,1,1,1,1,1,1,1,0,1,1,1,1,-1,0,-1,0,1,1,1,1,1,1,-1,1,1,-1,1,1,1,1,1
http://www.zagarins.net/jg/jg132/JG132_gramatas_JM.htm,1,0,1,1,1,1,1,-1,1,1,1,1,0,1,-1,1,1,1,1,1,1,1,1,1,1,-1,1,1,-1,1,1
http://goldsun.vn/lo-vi-song/lo-vi-song-goldsun-ck1105-co-20l-tay-cam.html,1,0,1,1,1,1,1,0,-1,1,1,1,1,1,0,-1,1,-1,1,1,1,1,1,-1,1,-1,1,1,1,1,1
https://www.boom24.gr/2024/09/blog-post_730.html,1,1,1,1,1,1,1,0,-1,1,1,1,-1,0,0,1,1,-1,1,1,1,1,-1,-1,1,-1,1,1,1,1,1
https://www.beauty-home.eu/el/,1,1,1,1,1,-1,1,0,-1,1,1,1,1,1,1,1,-1,1,1,1,1,1,1,-1,1,-1,-1,1,1,1,1
https://www.gdunes.com/index_pageid_6b.html,1,1,1,1,1,1,1,0,1,1,1,1,1,1,1,-1,1,1,1,1,1,1,1,1,1,-1,1,1,-1,1,1
https://www.project-you.fitness/smot/workout-30-06-2023/,1,0,1,1,1,-1,1,0,1,1,1,1,1,1,1,-1,-1,1,1,1,1,1,1,1,1,-1,1,1,1,1,1
https://cheersencore.com/products/rooibos-collagen?variant=41846951215304,1,0,1,1,1,1,1,0,1,1,1,1,1,1,0,1,1,1,1,1,1,1,-1,1,1,-1,1,1,0,1,1
https://www.parecisfm.com/podcasts,1,1,1,1,1,1,1,0,1,-1,1,1,-1,1,-1,1,-1,1,1,1,1,1,-1,1,1,-1,1,1,1,1,1
https://manage.smileglobal.com/index.php?rp=%2Fstore%2Fweebly-website-builder&language=english,1,-1,1,1,1,1,1,0,1,1,1,1,1,1,1,-1,1,1,1,1,1,1,1,1,1,-1,1,1,-1,1,1
https://suntzu.lt/?p=1223,1,1,1,1,1,1,1,0,1,1,1,1,1,1,1,1,1,1,1,1,1,1,1,1,1,-1,1,1,0,1,1
https://svenprobst.ch/,1,1,1,1,1,1,1,0,-1,1,1,1,1,1,0,1,1,-1,1,1,1,1,1,-1,1,-1,1,1,-1,1,1
https://emilioberetta.ch/it/?tech=tec2,1,1,1,1,1,1,1,0,-1,1,1,1,1,1,0,1,1,-1,1,1,1,1,1,-1,1,-1,1,1,-1,1,1
https://meta.et4.de/rest.ashx/search/?experience=sachsen-tourismus&template=gpx&limit=1&q=globalid:t_100263106&elevations=true&times=true,1,-1,1,1,1,1,1,0,-1,1,1,1,1,0,0,1,1,1,1,1,1,1,1,-1,1,-1,1,1,1,1,1
https://pavilionend.in/coro-replaces-the-spanish-player-is-now-in-fc-goa/,1,0,1,1,1,1,1,0,1,1,1,1,0,1,0,1,1,1,1,1,1,1,-1,1,1,-1,1,1,1,1,1
https://www.cheznous-shoponline.com/product-page/cucchiaino-porcellana-grande,1,-1,1,1,1,-1,1,0,1,-1,1,1,-1,1,-1,-1,1,1,1,1,1,1,-1,1,1,-1,1,1,-1,1,1
https://mn.milesplit.com/meets/284263-highland-championships-2017,1,0,1,1,1,1,1,0,1,-1,1,1,-1,1,-1,-1,-1,1,1,1,1,1,-1,1,1,-1,1,1,1,1,1
http://www.kamisama-tasukete.com/tag/%E5%80%8B%E4%BA%BA%E8%B3%A0%E5%84%9F%E8%B2%AC%E4%BB%BB%E4%BF%9D%E9%99%BA,1,-1,1,1,1,-1,1,0,1,1,1,1,1,1,1,1,1,1,1,1,1,1,1,1,1,-1,1,1,1,1,1
https://cse.google.com.ar/url?q=http%3A%2F%2Fkomplexweb.hagyatek-felvasarlo.hu%2Fmicroblog-bejegyzes%2Fkkv-marketing%2Fmogyorod%2FJTNDTVklMDl1JUIzOCVGOCVCQiUyOCVCNCVBMjklRjklQjBj%2FJUE1WFR3JUY3JTVCJUM1JUQ0JTExJTlFJUQ3JTgyJUQwSCUyMyU1RA%253D%253D%2F,1,-1,1,1,1,1,1,0,1,1,1,1,1,-1,1,1,1,1,1,1,1,1,1,1,1,-1,1,-1,0,1,1
https://nl.nicolay-ventil.be/Spiraalkokers-galva_794__285_p-2.html,1,0,1,1,1,-1,1,0,-1,1,1,1,1,1,1,1,1,1,1,1,1,1,1,1,1,-1,1,1,1,1,1
https://fluffyslip.com/,1,1,1,1,1,1,1,0,1,1,1,1,1,1,0,0,1,1,1,1,1,1,-1,1,1,-1,1,1,1,1,1
https://blinkco.io/blog/tag/veeqo/,1,1,1,1,1,1,1,0,1,-1,1,1,-1,0,-1,1,1,1,1,1,1,1,-1,1,1,-1,1,1,1,1,1
https://bargainballoons.ca/collections/34-inch-oaktree-brand-matte-nude-numbers-balloons,1,-1,1,1,1,1,1,0,1,1,1,1,1,1,0,-1,-1,1,1,1,1,1,-1,1,1,-1,1,1,1,1,1
https://www.gsmarena.com/htc_7_trophy-review-540p2.php,1,0,1,1,1,1,1,0,1,-1,1,1,-1,1,0,1,1,1,1,1,1,1,-1,1,1,-1,1,1,1,1,1
https://www.cozymole.co.uk/sale-up-to-70-off/didriksons-biggles-zip-mittens.html,1,-1,1,1,1,1,1,0,1,1,1,1,0,1,0,1,1,1,1,1,1,1,1,1,1,-1,1,1,1,1,1
https://artemesiamade.com/products/easy-dress-2,1,1,1,1,1,1,1,0,1,1,1,1,0,1,0,-1,1,1,1,1,1,1,-1,1,1,-1,1,1,1,1,1
https://katalog.ub.uni-heidelberg.de/cgi-bin/export.cgi?sess=a7bfb8e10580ffd9a1e8e49453e5bf97,1,-1,1,1,1,-1,0,0,-1,1,1,1,1,0,1,1,1,1,1,1,1,1,1,-1,1,-1,1,1,1,1,1
https://yellowpagesnl.com/business/slijterij-hobbema-omq,1,0,1,1,1,1,1,0,1,1,1,1,1,1,0,1,1,1,1,1,1,1,1,1,1,-1,1,1,-1,1,1
https://www.zssvzabreh.cz/a/skolni-rok-20242025-2?eqa=YmlkPWJsb2czNCZ3aWQ9YmxvZzM0X0Jsb2dfMSZhaWRfYmxvZzM0X0Jsb2dfMT0y,1,-1,1,1,1,1,1,0,1,1,1,1,0,1,1,0,-1,1,1,1,1,1,1,1,1,-1,1,1,1,1,1
https://nlab.itmedia.co.jp/research/category/food/sushi/page/10/,1,0,1,1,1,1,1,0,-1,1,1,1,0,1,0,1,1,-1,1,1,1,1,-1,1,1,-1,1,1,1,1,1
https://mushkiki.com/locations/chapples-park/,1,1,1,1,1,1,1,0,1,1,1,1,0,1,0,1,1,1,1,1,1,1,1,1,1,-1,1,1,1,1,1
https://insanebargain.com.au/products/100pcs-20-55cm-width-clear-opp-self-adhesive-bag-transparent-clothes-shoes-t-shirt-socks-underwear-bra-gift-packaging-pouches-grm-und,1,-1,1,1,1,1,1,0,-1,1,1,1,0,1,0,1,1,1,1,1,1,1,-1,-1,1,-1,1,1,1,1,1
https://www.mplus-jh.jp/blog/journal/entry-2616.html,1,1,1,1,1,-1,1,0,1,1,1,1,0,1,0,1,1,1,1,1,1,1,-1,1,1,-1,1,1,1,1,1
https://graphicgoogle.com/30-free-iphone-6-6s-7-hd-wallpapers-backgrounds-for-designers-artists/rowing-on-a-lake-iphone-wallpaper/,1,-1,1,1,1,1,1,0,1,1,1,1,0,1,0,1,1,1,1,1,1,1,-1,1,1,-1,1,1,1,1,1
https://www.awesomelyaffordablefor5.com/products/ensconced-in-elegance-gold,1,0,1,1,1,1,1,0,1,1,1,1,0,1,0,1,1,1,1,1,1,1,-1,1,1,-1,-1,1,1,1,1
https://forums.bit-tech.net/index.php?threads/new-ocuk-md-vows-to-address-past-service-issues.140610/page-2#post-1577183,1,-1,1,1,1,-1,1,0,1,1,1,1,0,1,0,1,-1,1,1,1,1,1,-1,1,1,-1,1,1,1,1,1
https://studyhq.net/council-of-state/,1,1,1,1,1,1,1,0,1,1,1,1,0,1,0,1,-1,1,1,1,1,1,-1,1,1,-1,1,1,1,1,1
https://portalcientifico.uned.es/documentos/5de79aff2999524dcbea5c64?lang=eu,1,-1,1,1,1,1,1,0,-1,1,1,1,1,0,0,1,-1,-1,1,1,1,1,1,-1,1,-1,1,1,1,1,1
https://visitjacksontn.com/event/union-university-volleyball-vs-christian-brothers-university-6pm/,1,-1,1,1,1,1,1,0,1,1,1,1,1,1,1,-1,-1,1,1,1,1,1,-1,1,1,-1,1,1,1,1,1
https://inlandequipment.com/rentals/2013-skytrak-6042-telehandler/attachment/img_9337/,1,-1,1,1,1,1,1,0,1,1,1,1,1,1,0,0,-1,1,1,1,1,1,-1,1,1,-1,1,1,0,1,1
https://www.miraljewelers.com/products/14k-white-gold-womens-butterfly-pendant-with-necklace,1,-1,1,1,1,1,1,0,1,1,1,1,0,1,0,1,1,1,1,1,1,1,-1,1,1,-1,1,1,1,1,1
https://www.brittonum.com/styled/contact-form-103/index.php,1,0,1,1,1,1,1,0,1,1,1,1,1,1,1,1,1,1,1,1,1,1,1,1,1,-1,1,1,-1,1,1
https://www.firstleaf.com/product/shanks-mare-2021-shiraz-mclaren-vale-australia,1,-1,1,1,1,1,1,0,1,1,1,1,0,1,0,-1,-1,1,1,1,1,1,-1,1,1,-1,1,1,1,1,1
https://albacabrera.com/artista/fajardo-pep/20_semillamovil/?v=bc78a8d162c6,1,0,1,1,1,1,1,0,1,1,1,1,1,1,1,1,-1,1,1,1,1,1,-1,1,1,-1,1,1,1,1,1
https://agenciadeanunciosonline.com/jogue-aviator-e-reivindique-seus-cr%C3%A9ditos-de-b%C3%B4nus-de-cassino-online/,1,-1,1,1,1,1,1,0,1,1,1,1,1,1,1,1,1,1,1,1,1,1,1,1,1,-1,1,1,-1,1,1
https://www.haaksmantweewielers.nl/webshop/naafd-env-ctcotr-montageset.html,1,0,1,1,1,1,1,0,-1,1,1,1,0,1,1,-1,-1,1,1,1,1,1,-1,1,1,-1,1,1,1,1,1
https://rusticotv.org/everything-about-groonygirls/,1,1,1,1,1,1,1,0,1,1,1,1,1,1,0,-1,1,1,1,1,1,1,1,1,1,-1,1,1,1,1,1
https://javbix.com/sga-037-see-what-happens-when-this-international-g-cup-married-woman-rei-narita-age-29-makes-her-av-debut-this-horny-housewife-is-a-former-cabin-attendant-and-multi-lingual-to-boot-this-talented-and-intelligent-lady-walks-around-with-her-ow-Cdpy7/,1,-1,1,1,1,1,1,0,1,-1,1,1,-1,0,0,1,1,1,1,1,-1,1,-1,1,1,-1,1,1,1,1,1
https://pap.roguefitness.com/affiliates/,1,1,1,1,1,1,1,0,1,1,1,1,1,1,1,1,1,1,1,1,1,1,1,1,1,-1,1,1,0,1,1
https://fitnessarabais.com/en/blogs/articles/ou-acheter-des-equipements-de-gym-a-domicile-a-mississauga-guide-dachat,1,-1,1,1,1,1,1,0,1,1,1,1,0,1,0,0,-1,1,1,1,1,1,-1,1,1,-1,1,1,1,1,1
https://glosnats.org/events/horsley-woods/,1,1,1,1,1,1,1,0,1,1,1,1,1,1,1,1,1,1,1,1,1,1,1,1,1,-1,1,1,1,1,1
https://www.turkishbaths.org/tarihi-karacabey-hamami-turkish-bath-ankara-2-2/,1,-1,1,1,1,1,1,0,1,1,1,1,0,1,0,-1,-1,1,1,1,1,1,-1,1,1,-1,1,1,1,1,1
https://brothermobilesolutions.com/software/pro-label-tool/,1,0,1,1,1,1,1,0,1,-1,1,1,0,1,0,1,1,1,1,1,1,1,-1,1,1,-1,1,1,1,1,1
https://www.farrellbearings.co.nz/shop/Products/Oil+Seal/Oil+Seal+O+Ring+Metric/MR034X1.5.html,1,-1,1,1,1,1,1,0,-1,1,1,1,-1,1,0,1,-1,-1,1,1,-1,1,-1,-1,1,-1,1,1,1,1,1
https://africabib.org/htp.php?RID=192084496,1,1,1,1,1,1,1,0,1,1,1,1,1,0,1,1,1,1,1,1,1,1,1,1,1,-1,1,1,0,1,1
https://storewf.com/en-us/products/copy-of-ash-rose-satin-scarves-shawl,1,0,1,1,1,1,1,0,1,1,1,1,0,1,0,1,-1,1,1,1,1,1,-1,1,1,-1,1,1,1,1,1
https://copadomundo.uol.com.br/noticias/bbc/2014/01/27/dois-meses-apos-mortes-inquerito-no-itaquerao-nao-tem-prazo-para-acabar.htm?abrefoto=12,1,-1,1,1,1,1,1,0,1,-1,1,1,-1,-1,-1,-1,1,1,1,1,1,1,-1,1,1,-1,1,1,1,1,1
https://www.ptifa.com/blog/botox-in-dentistry-the-therapeutic-applications,1,0,1,1,1,1,1,0,1,-1,1,1,-1,1,-1,1,1,1,1,1,1,1,-1,1,1,-1,1,1,1,1,1
https://chs.solihull.sch.uk/events/2024-09-26-parent-voice-chs-community-hub-everyone-welcome,1,-1,1,1,1,1,1,0,-1,-1,1,1,-1,1,-1,1,1,-1,1,1,1,1,1,-1,1,-1,1,1,1,1,1
https://m.opensoftwarelist.com/timken-hm959348dw-2-bearing/,1,0,1,1,1,1,1,0,1,1,1,1,1,1,0,1,1,1,1,1,1,1,-1,1,1,-1,-1,1,1,1,1
https://shop.quanticdream.com/collections/games/products/fahrenheit-indigo-prophecy-remastered,1,-1,1,1,1,1,1,0,1,1,1,1,0,1,0,1,1,1,1,1,1,1,-1,1,1,-1,1,1,1,1,1
https://ideatalayi.com/blog/%D9%81%D9%86%D8%A7%D9%88%D8%B1%DB%8C-%D8%A7%D8%B7%D9%84%D8%A7%D8%B9%D8%A7%D8%AA/%D8%A7%D9%BE%D9%84%DB%8C%DA%A9%DB%8C%D8%B4%D9%86-waze-%D8%A7%DA%A9%D9%86%D9%88%D9%86-%D8%AF%D8%B1-%D8%AC%D8%A7%D8%AF%D9%87%D9%87%D8%A7%DB%8C-%D9%85%D8%B3%D8%AA%D8%B9%D8%AF-%D8%AA%D8%B5%D8%A7/,1,-1,1,1,1,1,1,0,1,1,1,1,1,1,1,1,1,1,1,1,1,1,1,1,1,-1,1,1,1,1,1
https://revista.de/buergerstiftung-fuer-zeil-am-main/,1,1,1,1,1,1,1,0,-1,1,1,1,1,0,1,1,-1,1,1,1,1,1,1,-1,1,-1,1,1,1,1,1
https://germmagazine.com/tag/limelight/,1,1,1,1,1,1,1,0,1,1,1,1,1,1,1,1,1,1,1,1,1,1,1,1,1,-1,1,1,0,1,1
https://istina.msu.ru/workers/9431713/,1,1,1,1,1,1,1,0,1,1,1,1,0,1,0,1,1,1,1,1,1,1,1,1,1,-1,1,1,0,1,1
https://heritageportal.buckinghamshire.gov.uk/Monument/MBC406,1,0,1,1,1,1,1,0,-1,1,1,1,1,1,1,1,1,-1,1,1,1,1,-1,1,1,-1,1,1,1,1,1
https://www.recetasgratis.net/receta-de-bizcocho-sin-aceite-ni-mantequilla-59771.html,1,-1,1,1,1,1,1,0,1,-1,1,1,-1,0,-1,-1,-1,1,1,1,1,1,-1,1,1,-1,1,1,1,1,1
https://www.1zsbr.cz/2017/10/,1,1,1,1,1,1,1,0,1,1,1,1,1,1,0,1,1,1,1,1,1,1,1,1,1,-1,1,1,0,1,1
https://coachfarm.com/M0Ex,1,1,1,1,1,1,1,0,1,1,1,1,1,1,1,1,1,1,1,1,1,1,1,1,1,-1,1,1,-1,1,1
https://domanomado.com/workstyle/hoikuen/,1,1,1,1,1,1,1,0,1,-1,1,1,0,1,0,1,1,1,1,1,1,1,1,1,1,-1,-1,1,1,1,1
https://ch.nicovideo.jp/search/%E3%83%AF%E3%83%BC%E3%82%AF%E3%82%B7%E3%83%A7%E3%83%83%E3%83%97?channel_id=ch2582813&mode=t&type=video,1,-1,1,1,1,1,1,0,1,1,1,1,-1,1,-1,-1,1,1,1,1,1,1,-1,1,1,-1,1,1,1,1,1
https://www.alter.hu/spl/221133/Szaniter-kiegeszitok,1,1,1,1,1,1,1,0,-1,1,1,1,0,1,-1,-1,1,-1,1,1,1,1,-1,-1,1,-1,1,1,1,1,1
https://www.paziresh24.com/s/mamasani/exp-pediatric-psychiatry/,1,0,1,1,1,1,1,0,1,1,1,1,1,1,0,1,1,1,1,1,1,1,-1,1,1,-1,1,1,1,1,1
https://www.aikentackexchange.com/products/romfh-feather-lite-dressage-show-coat-size-14,1,-1,1,1,1,1,1,0,1,1,1,1,0,1,0,1,1,1,1,1,1,1,-1,1,1,-1,1,1,0,1,1
https://kinnikuman-go-fight.com/448420441-html,1,1,1,1,1,-1,1,0,1,1,1,1,0,1,0,1,1,1,1,1,1,1,1,1,1,-1,-1,1,1,1,1
https://bequeveworld.com/products/set-namaste-jacket-jogger-flores-merlot,1,0,1,1,1,1,1,0,1,1,1,1,0,1,0,1,1,1,1,1,1,1,-1,1,1,-1,1,1,1,1,1
https://lnx.desambrois.it/moodle/user/profile.php?id=2,1,0,1,1,1,1,1,0,1,1,1,1,1,1,1,1,1,1,1,1,1,1,1,1,1,-1,1,1,-1,1,1
https://projetolettera.com.br/membro.php?uid=32119,1,1,1,1,1,1,1,0,1,1,1,1,0,1,0,1,1,1,1,1,1,1,-1,1,1,-1,1,1,1,1,1
https://boringssl.googlesource.com/boringssl.git/+/25773430c07075a368416c3646fa4b07daf4968a/fuzz/server_corpus/059878a43741e57ea90470deb87ec8d7fe805434,1,-1,1,1,1,1,1,0,1,1,1,1,0,1,1,1,1,1,1,1,1,1,1,1,1,-1,1,1,1,1,1
https://www.vinosbaco.com/fabricante/bodegas-del-condado-de-san-esteban/,1,0,1,1,1,1,1,0,1,1,1,1,1,1,1,-1,1,1,1,1,1,1,1,1,1,-1,1,1,1,1,1
https://andolana.in/districts/mysore/success-is-sure-if-disciplined-studies-are-done-km-savitha/,1,-1,1,1,1,1,1,0,1,1,1,1,1,1,1,1,-1,1,1,1,-1,1,-1,1,1,-1,1,1,1,1,1
https://alieyuboglu.com.tr/etiketler/caglar-soguncu/,1,1,1,1,1,1,1,0,1,1,1,1,0,0,0,1,-1,1,1,1,1,1,-1,1,1,-1,1,1,1,1,1
https://fr.wikibooks.org/wiki/Sp%C3%A9cial:Journal/Sub,1,0,1,1,1,1,1,0,1,1,1,1,1,1,0,1,1,1,1,1,1,1,1,1,1,-1,1,1,1,1,1
https://www.rocklin.ca.us/post/green-acres-nursery,1,1,1,1,1,1,1,0,1,1,1,1,0,1,0,1,1,1,1,1,1,1,-1,1,1,-1,1,1,1,1,1
https://www.itsaknockout.org/early-season-news/early-season-news-2/,1,0,1,1,1,1,1,0,1,1,1,1,1,1,1,1,1,1,1,1,1,1,1,1,1,-1,1,1,0,1,1
https://superiorvacuums.ca/products/xjv117,1,1,1,1,1,1,1,0,1,1,1,1,-1,1,-1,1,1,1,1,1,1,1,-1,1,1,-1,1,1,1,1,1
https://www.ipsb.nina.gov.pl/a/biografia/jozef-legowski-1852-1930-historyk-etnograf-organizator-szkolnictwa,1,-1,1,1,1,1,0,0,1,1,1,1,1,0,0,1,1,1,1,1,1,1,-1,1,1,-1,1,1,1,1,1
https://www.aw-sex.com/cindy_damm-liveshow/stripchat,1,1,1,1,1,-1,1,0,1,1,1,1,0,1,0,1,1,1,1,1,1,1,-1,1,1,-1,1,1,1,1,1
https://www.theologie.nl/een-groene-kerst/,1,1,1,1,1,1,1,0,-1,1,1,1,1,1,1,-1,1,1,1,1,1,1,-1,1,1,-1,1,1,1,1,1
https://www.hager.cz/katalog-produktu/systemy-pro-ukladani-vedeni/tehalit.lf-elektroinstalacni-kanaly/elektroinstalacni-kanaly/tehalit.lfh-elektoinstalacni-kanaly-vysky-30-mm-bezhalogenove/lfh30045/lfh3004509016/233087.htm,1,-1,1,1,1,1,1,0,1,1,1,1,1,1,0,1,1,1,1,1,1,1,-1,1,1,-1,1,1,1,1,1
https://finder.hr/quite-software.html,1,1,1,1,1,1,1,1,1,1,1,1,0,1,0,-1,-1,1,1,1,1,1,-1,1,1,-1,1,1,1,1,1
http://asianfreexxx.com/bi?si=50&ef=http://newlineporn.com/pictures/asian/shy-and-cute/164745/,1,-1,1,1,-1,1,1,0,1,1,1,1,-1,1,0,1,1,-1,1,1,1,1,1,1,1,-1,1,-1,1,1,1
https://www.sperky4u.eu/ocelove-nausnice-s-krizky2,1,1,1,1,1,1,1,0,-1,1,1,1,0,1,0,1,-1,1,1,1,1,1,-1,-1,1,-1,1,1,1,1,1
https://keysystems.ru/forum/index.php?s=4c9fdba1c772deb91b20f6519345fa2a&app=core&module=search&do=viewNewContent&search_app=forums,1,-1,1,1,1,1,1,0,1,1,1,1,1,1,1,1,1,1,1,1,1,1,1,1,1,-1,1,1,1,1,1
https://www.riteli.cz/outdoorove-svitilny/,1,1,1,1,1,1,1,0,1,1,1,1,1,1,-1,-1,-1,1,1,1,1,1,-1,1,1,-1,1,1,1,1,1
https://tavola.es/jarrones/56-jarron-blanco.html,1,1,1,1,1,1,1,0,-1,1,1,1,0,1,0,1,1,-1,1,1,1,1,-1,-1,1,-1,1,1,1,1,1
https://www.diotti.com/it/salotto/divani-letto/divani-letto-2-3-4-posti,1,0,1,1,1,1,1,0,1,1,1,1,1,1,0,-1,1,1,1,1,1,1,-1,1,1,-1,1,1,1,1,1
"https://imtgt.org/my-calendar/?time=month&format=calendar&mcat=5,3,1",1,0,1,1,1,1,1,0,1,1,1,1,1,1,1,1,1,1,1,1,1,1,-1,1,1,-1,1,1,1,1,1
https://www.centrum-apteka.pl/bioderma-atoderm-intensive-baume-balsam-do-ciala-75-ml.html,1,-1,1,1,1,-1,1,0,1,1,1,1,1,1,0,1,-1,1,1,1,1,1,-1,1,1,-1,1,1,1,1,1
https://mystic.pl/product-pol-38113-Tarja-The-Brightest-Void.html,1,0,1,1,1,1,1,0,1,1,1,1,0,1,0,1,-1,1,1,1,1,1,-1,1,1,-1,1,1,1,1,1
https://topcommerce.co.il/product/%D7%AA%D7%95%D7%9E%D7%9A-%D7%96%D7%A8%D7%95%D7%A2-er-332020/,1,-1,1,1,1,1,1,0,-1,1,1,1,1,1,1,-1,1,1,1,1,1,1,-1,-1,1,-1,1,1,1,1,1
https://lists.freebsd.org/pipermail/freebsd-current/2010-February/015582.html,1,-1,1,1,1,1,1,0,1,1,1,1,1,1,1,1,-1,1,1,1,1,1,1,1,1,-1,1,1,-1,1,1
https://www.bmscience.net/blog/tag/cbd/,1,1,1,1,1,1,1,0,1,1,1,1,0,1,0,0,1,1,1,1,1,1,-1,1,1,-1,1,1,0,1,1
https://www.thegirlwearing.com/nl/pages/marketingencommunicatiestage,1,0,1,1,1,1,1,0,1,1,1,1,-1,1,0,1,1,1,1,1,1,1,-1,1,1,-1,1,1,1,1,1
https://blog.bay-cities.com/blog/tag/personalized-boxes,1,0,1,1,1,-1,1,0,1,1,1,1,-1,0,0,-1,1,1,1,1,1,1,-1,1,1,-1,1,1,1,1,1
https://www.polskieradio.pl/68/787/Tag/3279,1,1,1,1,1,1,1,0,1,1,1,1,0,1,0,1,1,1,1,1,1,1,-1,1,1,-1,1,1,1,1,1
https://www.lasguias.com/rodeiramar2a/,1,1,1,1,1,1,1,0,1,1,1,1,1,1,1,1,1,1,1,1,1,1,1,1,1,-1,1,1,0,1,1
https://lonsdales-auctioneers.com/auction/215-spring-sale-of/lot-24/,1,0,1,1,1,-1,1,0,1,1,1,1,1,1,0,-1,1,1,1,1,1,1,1,1,1,-1,-1,1,1,1,1
"https://hazmat.umn.edu/?page_id=480&ai1ec=action~week%7Cexact_date~1656738000%7Ccat_ids~19,21,22,16,34,23%7Crequest_format~json",1,-1,1,1,1,1,1,0,1,1,1,1,1,1,1,0,-1,1,1,1,1,1,-1,1,1,-1,1,1,1,1,1
https://www.chu-toulouse.fr/qui-contacter-en-cas-d-urgence-medicale,1,0,1,1,1,-1,1,0,1,1,1,1,1,1,1,1,1,1,1,1,1,1,1,1,1,-1,1,1,1,1,1
https://kemptownlabour.org.uk/upcoming-canvassing/,1,1,1,1,1,1,1,0,1,1,1,1,-1,1,0,1,1,1,1,1,1,1,-1,1,1,-1,1,1,1,1,1
https://re-astro60.blog.jp/archives/26403833.html,1,1,1,1,1,-1,1,0,1,-1,1,1,-1,1,0,0,1,1,1,1,1,1,-1,1,1,-1,1,1,1,1,1
https://domsportu.sk/cinky-jednorucni-set-2x10-kg-spojovaci-dil/,1,0,1,1,1,1,1,0,1,1,1,1,0,1,0,1,-1,1,1,1,1,1,-1,1,1,-1,1,1,1,1,1
https://blog.smartewelt.de/tag/4tronix/,1,1,1,1,1,1,1,0,-1,1,1,1,1,1,1,1,1,1,1,1,1,1,1,-1,1,-1,1,1,1,1,1
https://marshal.co.il/ar/product/%D9%85%D8%B3%D8%AA%D8%AE%D9%84%D8%B5-%D8%A5%D9%8A%D8%B3%D8%AA%D9%85%D9%88%D9%84/,1,-1,1,1,1,1,1,0,-1,1,1,1,1,1,1,-1,-1,1,1,1,1,1,-1,-1,1,-1,1,1,1,1,1
https://www.fadenkaefer.de/produkt-kategorie/ebooks/ebooks-deutsch/page/20/?fbclid=IwAR1aYacDMGAWBIEQRNauPFQy_N_hgSvTMjRWU-0wWKvm94E3pkPXOWmD2Eo_aem_Ae8wOhxgUifksvIVJnWrV9P6urISCBCoO8PqFEiJVpN59dklHi7Fprbj_GdQAfMUpYyLfkIWgbPSxW6CghNko4Kp,1,-1,1,1,1,1,1,0,-1,1,1,1,1,1,1,-1,1,1,1,1,1,1,1,-1,1,-1,1,1,1,1,1
https://fxw2.me/forum-7-1.htm?orderby=lastpid,1,1,1,1,1,1,1,0,1,1,1,1,1,1,1,1,1,1,1,1,1,1,1,1,1,-1,-1,1,0,1,1
https://ru.yamaha.com/ru/products/audio_visual/speaker_systems/ns-c500/index.html,1,-1,1,1,1,1,1,0,1,1,1,1,1,1,1,1,1,1,1,1,1,1,-1,1,1,-1,1,1,1,1,1
https://www.asturner.com/obituaries/lee-anderson-leach,1,0,1,1,1,1,1,0,1,-1,1,1,-1,-1,-1,-1,-1,1,1,1,1,1,-1,1,1,-1,1,1,1,1,1
https://catalog.purdue.edu/preview_course_nopop.php?catoid=4&coid=28417,1,0,1,1,1,1,1,0,1,-1,1,1,-1,-1,0,-1,-1,1,1,1,1,1,-1,1,1,-1,1,1,1,1,1
https://www.zeitverschiebung.net/en/city/2922731,1,1,1,1,1,1,1,0,1,1,1,1,0,1,0,1,1,1,1,1,1,1,-1,1,1,-1,1,1,0,1,1
https://www.rapcity.ro/Nike-Classic-Cortez-Suede-Shoe-MUSHROOM-MUSHROOM-SUMMIT-WHITE,1,-1,1,1,1,1,1,0,1,1,1,1,0,1,0,-1,-1,1,1,1,1,1,-1,1,1,-1,1,1,1,1,1
https://suarajatimpost.com/tag/ijen-suites-resort-and-convention,1,0,1,1,1,1,1,0,1,1,1,1,1,1,0,-1,1,1,1,1,1,1,-1,1,1,-1,1,1,1,1,1
https://www.visitisleofman.com/trade/supporting-your-business/industry-events-and-training/homestay,1,-1,1,1,1,1,1,0,1,1,1,1,0,1,0,1,1,1,1,1,1,1,-1,1,-1,-1,1,1,1,1,1
https://orders.mehbaj.com/product/cumin-powder---275g-1272878,1,0,1,1,1,1,1,0,1,-1,1,1,0,1,0,1,1,1,1,1,1,1,-1,1,1,-1,1,1,-1,1,1
http://www.simplicitevolontaire.org/2016/01/31/prochains-troc-tes-trucs-3/,1,0,1,1,1,1,1,-1,1,1,1,1,1,1,0,1,1,1,1,1,1,1,1,1,1,-1,1,1,1,1,1
https://govindhtech.com/qualcomm-cloud-expansion-is-the-key-pillars-of-ran/,1,0,1,1,1,1,1,0,1,-1,1,1,0,0,0,1,-1,1,1,1,1,1,1,1,1,-1,1,1,1,1,1
https://gwd.co.uk/collections/boys-casual-trousers,1,1,1,1,1,1,1,0,1,1,1,1,0,1,0,-1,1,1,1,1,1,1,-1,1,1,-1,1,1,1,1,1
https://www.twi-global.com/what-we-do/research-and-technology/research-programmes/core-research-programme/report-abstracts/the-effect-of-axial-misalignment-on-the-fatigue-strength-of-transverse-butt-welded-joints-99-1979,1,-1,1,1,1,-1,1,0,1,1,1,1,0,1,0,1,-1,1,1,1,1,1,-1,1,1,-1,1,1,1,1,1
https://www.ahoi-norderney.com/cdn-cgi/l/email-protection,1,0,1,1,1,-1,1,0,1,1,1,1,1,-1,1,1,1,1,1,1,1,1,1,1,1,-1,1,1,1,1,1
http://hofinet.com/documents/doc.aspx?id=1018,1,1,1,1,1,1,1,-1,1,1,1,1,1,1,0,1,1,1,1,1,1,1,1,1,1,-1,1,1,1,1,1